-1.21,0.43,0.68,-52.06,-152.71,47.12
-0.93,-0.17,0.64,71.96,120.18,122.8
0.2,-1.12,0.39,86.67,168.46,171.26
0.76,-1.5,0.38,55.73,129.82,230.04
0.66,-1.4,0.58,3.78,61.95,187.68
0.46,-1.06,0.6,-52.73,-14.34,94.79
0.04,-0.69,0.74,-56.15,-112,24.05
-0.26,-0.41,0.92,-22.95,-141.17,16.24
-0.26,-0.35,0.84,16.36,-99.55,35.28
-0.06,-0.75,0.56,48.34,-69.15,56.7
0.14,-0.9,0.45,50.66,-44.25,82.28
0.25,-0.92,0.45,37.54,-38.88,74.28
0.3,-0.74,0.49,27.83,-48.03,75.93
0.33,-0.61,0.49,28.02,-101.32,53.47
0.15,-0.48,0.48,24.11,-138.61,30.33
-0.03,-0.45,0.42,26.79,-139.59,41.99
-0.27,-0.75,0.36,34.48,-152.4,45.72
-0.22,-0.92,0.53,28.93,-141.36,43.15
0.13,-0.84,0.53,14.65,-107.6,52.98
0.25,-0.69,0.37,3.48,-139.1,31.43
-0.26,-0.59,0.19,0.24,-211.91,1.04
-0.59,-0.67,0.13,-1.77,-245.18,-21.61
-1.04,-0.9,0.16,0.92,-237.67,-23.19
-0.83,-1.17,0.14,-2.87,-174.87,-2.99
-0.53,-1.49,0.19,-25.21,-90.45,31.25
-0.49,-1.61,0.39,-15.81,-57.5,55.05
-0.81,-1.61,0.91,15.08,-28.75,55.54
-0.63,-1.61,1.15,46.94,24.84,66.47
-0.06,-1.65,1.04,67.08,37.6,94.91
-0.08,-1.65,0.97,81.79,-4.52,68.05
-0.25,-1.43,0.91,93.44,-36.93,26.98
-0.28,-1.31,0.94,110.6,-57.92,44.74
-0.36,-1.12,0.96,128.66,-49.5,52.98
-0.26,-1.09,0.81,149.41,0.12,52.92
-0.29,-0.96,0.57,167.91,14.77,66.77
-0.36,-0.89,0.28,169.01,9.16,68.42
-0.15,-1.08,0.02,153.38,-5.25,81.36
0.05,-1.3,-0.1,130.62,-40.59,104.61
0.16,-1.27,-0.12,113.28,-69.09,102.91
0.13,-1.17,-0.21,112.24,-69.34,85.02
0.21,-1.24,-0.44,113.89,-57.07,76.29
0.27,-1.33,-0.5,107.54,-35.71,75.5
0.36,-1.34,-0.52,100.1,-19.53,74.28
0.34,-1.29,-0.56,100.52,6.84,62.13
0.25,-1.26,-0.62,85.27,12.15,43.27
0.39,-1.4,-0.69,60.49,-1.71,29.72
0.65,-1.59,-0.83,37.48,-8.18,22.46
0.65,-1.63,-1.03,7.75,6.1,5
0.6,-1.77,-1.22,-16.17,35.34,-26.92
0.69,-1.89,-1.34,-60.91,61.95,-31.31
1.22,-1.69,-1.7,-135.5,54.63,-3.97
1.36,-1.48,-1.47,-270.2,41.38,-46.57
1.07,-0.87,-1.17,-229.25,31.74,-93.63
0.51,-0.13,-0.31,-293.46,128.23,-305.05
-0.18,0.97,1.14,-314.76,156.31,-495.48
-0.73,1.15,1.46,-232.67,204.59,-608.22
-0.74,-0.51,-1.22,-105.1,211.12,-488.16
0.79,0.26,-1.95,-153.38,235.11,-289.55
2.2,1.21,-0.95,-150.02,408.33,-317.93
0.57,0.93,-0.79,-51.76,355.96,-375.31
-3.01,-0.2,0.24,-1.22,249.57,-362.49
-2.03,0.17,0.59,212.28,531.56,-359.07
1.2,-0.16,2.5,341.74,589.48,-265.2
0.37,-0.96,0.94,138.12,54.57,59.63
-0.42,-1.48,0.55,-35.83,-139.65,222.23
-0.73,-0.62,0.43,-33.63,-126.28,205.14
-0.55,-0.11,1.02,-5.37,-54.08,69.76
-0.87,-0.32,0.7,35.16,-15.75,57.01
-0.48,-0.67,0.45,54.2,10.01,81.73
-0.05,-1.02,0.43,51.51,70.07,106.38
-0.01,-1.28,0.41,20.02,77.64,141.66
0.14,-1.27,0.42,-39.43,53.53,156.56
0.32,-1.29,0.57,-67.44,34.06,162.05
-0.16,-0.96,0.78,-76.6,-27.65,160.34
-0.35,-0.6,0.83,-58.35,-50.96,88.68
-0.39,-0.47,0.79,-25.94,-59.51,10.44
-0.47,-0.42,0.78,11.72,-64.51,3.17
-0.21,-0.58,0.65,24.84,-27.4,18.92
-0.07,-0.56,0.58,35.1,-31.68,44.37
-0.02,-0.51,0.51,35.89,-55.48,58.96
-0.14,-0.51,0.47,33.94,-65.61,96.5
-0.14,-0.57,0.48,16.17,-56.52,123.9
-0.02,-0.59,0.53,30.58,-52.8,126.1
0.04,-0.53,0.56,35.16,-65.86,99.55
0.04,-0.41,0.51,35.52,-90.94,66.16
-0.03,-0.36,0.45,34.3,-113.65,64.51
-0.17,-0.62,0.54,36.38,-134.09,81.67
-0.18,-0.73,0.53,37.72,-118.59,106.93
0.03,-0.83,0.47,36.5,-126.59,91.92
0.04,-0.83,0.38,18.55,-141.54,63.35
-0.08,-0.71,0.29,9.77,-143.98,52.8
-0.32,-0.84,0.27,14.28,-161.56,49.44
-0.54,-1.19,0.27,8.61,-161.25,53.34
-0.4,-1.26,0.15,-11.47,-154.54,62.19
-0.38,-1.28,0.04,-36.32,-140.2,40.89
-0.58,-1.38,0.12,-52.8,-131.96,16.85
-0.85,-1.63,0.82,-22.77,-73.18,10.07
-0.63,-1.57,1.37,36.13,37.72,44.19
-0.06,-1.75,1.19,68.97,58.72,73.36
-0.1,-1.8,1,82.76,15.08,69.82
-0.22,-1.61,0.96,89.54,-4.7,53.16
-0.3,-1.51,0.96,88.68,-14.65,57.25
-0.27,-1.42,0.9,101.01,-22.03,65.37
-0.06,-1.39,0.79,113.77,-24.35,58.84
-0.06,-1.31,0.61,115.91,-62.01,37.11
-0.3,-1.12,0.41,129.94,-66.96,47.61
-0.27,-1.12,0.21,131.96,-27.34,71.11
0.06,-1.2,0.07,127.5,0,95.64
0.26,-1.25,-0.07,114.99,-15.81,96.74
0.29,-1.36,-0.26,102.91,-46.33,79.71
0.24,-1.36,-0.38,88.68,-50.29,55.05
0.25,-1.31,-0.42,83.92,-18.31,38.15
0.38,-1.3,-0.44,76.72,-7.08,21.67
0.31,-1.3,-0.55,67.02,3.54,4.09
0.33,-1.49,-0.72,43.46,-5.25,-5.13
0.31,-1.56,-0.71,10.44,-16.6,-28.81
0.35,-1.5,-0.7,-8.3,2.5,-67.99
0.58,-1.65,-1.06,-26.25,37.29,-97.96
0.66,-2.07,-1.48,-85.14,41.87,-110.29
0.52,-2.02,-1.43,-162.35,57.68,-126.83
0.44,-1.27,-0.97,-234.37,126.1,-172.36
0.27,-1,-0.62,-268.25,198.85,-221.68
0.18,0.08,0.5,-322.88,226.14,-257.87
-0.01,1.12,1.72,-341.31,286.38,-388.24
-0.26,1.21,1.03,-274.05,226.44,-476.07
1.05,0.57,-0.68,-120.48,245,-480.47
2.37,0.24,-1.51,-114.14,173.16,-362.12
-1.18,0.6,-1.5,-23.07,59.2,-247.01
-1.68,0.12,-0.61,50.29,223.21,-387.7
0.37,0.7,2.12,281.8,580.69,-211.55
0.9,0.55,0.94,137.39,119.69,-130.74
-0.56,-2.82,0.72,8,-123.78,149.35
-0.19,-1.4,0.33,-61.22,-152.4,187.13
-0.14,-1.32,0.46,-72.57,-91.8,71.41
-0.93,0.11,0.36,-84.29,-93.93,-6.65
-0.99,0.36,0.53,-37.84,-30.64,-26.79
-0.64,-0.34,0.67,66.59,123.96,37.78
-0.22,-0.79,0.69,106.32,165.89,104.37
0.05,-0.98,0.73,77.94,135.38,180.79
-0.05,-0.94,0.82,7.14,93.08,200.2
-0.1,-0.86,0.8,-25.57,23.62,166.08
-0.21,-0.54,0.76,-29.24,-38.64,153.14
-0.43,-0.34,0.78,-16.6,-58.23,137.39
-0.45,-0.4,0.76,10.44,-67.2,83.62
-0.32,-0.58,0.77,38.45,-62.87,73.91
-0.05,-0.6,0.71,44.13,-35.16,82.46
0.12,-0.56,0.66,46.2,-45.84,84.96
0.09,-0.44,0.62,46.08,-69.95,99.12
-0.03,-0.45,0.55,47.12,-83.62,108.58
-0.15,-0.51,0.53,44.01,-83.8,112.55
-0.14,-0.52,0.56,45.59,-78.8,104.55
-0.05,-0.56,0.61,43.95,-74.52,85.82
0.1,-0.51,0.59,43.15,-89.05,84.84
0.16,-0.54,0.5,47.24,-132.93,73.12
-0.19,-0.83,0.41,42.11,-181.7,32.35
-0.36,-1.03,0.31,17.7,-188.17,38.7
-0.37,-1,0.38,-1.16,-159.48,46.02
-0.29,-0.85,0.31,-21.36,-112.79,52.73
-0.37,-0.96,0.29,-12.21,-127.93,63.23
-0.71,-1.22,0.39,-9.4,-127.5,62.87
-0.74,-1.32,0.47,-11.11,-91.92,73.18
-0.64,-1.44,0.54,-1.53,-67.26,70.25
-0.53,-1.48,0.62,13.49,-39.92,63.66
-0.58,-1.55,0.87,33.87,-28.5,52.12
-0.6,-1.63,1.01,61.89,-3.6,51.64
-0.44,-1.63,1.06,82.82,2.75,46.2
-0.32,-1.52,0.91,92.16,5.37,67.57
-0.07,-1.59,0.69,79.71,-61.16,42.97
-0.24,-1.44,0.6,63.54,-110.35,21.97
-0.29,-1.3,0.54,61.52,-105.04,41.63
-0.27,-1.28,0.55,70.01,-78.37,53.96
-0.17,-1.17,0.56,79.04,-60.06,63.48
-0.09,-1.12,0.48,102.17,-35.1,68.48
-0.02,-1.15,0.32,106.57,-24.72,73.06
-0.01,-1.16,0.19,99.73,-28.14,80.57
0.04,-1.12,0.17,99.06,-28.14,73
0.11,-1.14,0.11,96.5,-23.07,58.35
0.17,-1.22,-0.04,97.17,-21.48,47.24
0.09,-1.29,-0.21,87.59,-29.42,41.69
0.11,-1.25,-0.29,72.69,-23.74,43.21
0.14,-1.28,-0.33,56.7,-10.31,17.58
0.13,-1.38,-0.39,51.64,-2.01,19.29
0.07,-1.63,-0.44,33.81,2.26,24.41
0.11,-1.47,-0.4,12.51,0.06,19.59
0.15,-1.35,-0.33,8.79,30.88,-7.08
0.28,-1.38,-0.43,7.14,73,-26.86
0.38,-1.89,-0.93,-10.31,85.45,-39.79
0.39,-2.09,-1.26,-74.77,86.18,-31.74
0.55,-1.55,-1.05,-129.15,131.16,-58.17
0.58,-1.02,-0.73,-199.46,196.59,-109.62
0.49,-0.69,-0.28,-248.29,238.1,-191.65
0.01,0.23,0.92,-258.61,227.17,-323.79
-0.17,0.47,1.42,-250.31,181.09,-375.67
-0.11,0.05,-0.71,-181.64,135.8,-403.87
0.5,0.55,-1.44,-159.97,182.98,-404.11
1.91,0.84,-0.7,-195.07,226.68,-358.15
0.95,0.7,-0.56,-73.43,180.73,-296.45
-3.18,-0.09,0.22,-8.85,163.94,-317.75
-0.68,1.77,1.5,168.58,398.44,-348.33
0.83,-1.59,1.85,343.44,361.69,-194.95
-0.42,-1.98,0.84,62.87,-88.5,107.67
-0.62,-2.35,0.22,-23.99,-157.47,192.5
-0.1,-1.63,0.01,-82.89,-151.12,214.54
-0.39,-0.48,0.53,-57.74,-61.34,138.92
-1.1,0.25,0.46,-30.82,-28.99,-4.7
-0.67,-0.34,0.61,34.85,60.73,19.47
-0.35,-0.99,0.48,95.09,160.52,81.48
0.03,-0.91,0.44,62.01,144.23,163.02
0.18,-1.09,0.51,11.17,101.75,165.1
0.04,-1.07,0.65,-36.07,24.9,143.55
-0.07,-0.96,0.72,-44.43,-32.04,130.8
-0.27,-0.58,0.72,-41.75,-56.46,105.96
-0.35,-0.46,0.66,-15.69,-99.55,71.96
-0.5,-0.54,0.72,23.07,-113.77,49.8
-0.26,-0.57,0.7,44.31,-57.13,64.58
-0.03,-0.55,0.62,60.55,-31.62,81.36
0.08,-0.48,0.54,68.48,-50.11,91.55
-0.04,-0.41,0.45,73.43,-85.94,99.55
-0.17,-0.52,0.42,70.92,-92.71,105.1
-0.06,-0.61,0.47,69.21,-86.91,99.18
0.04,-0.68,0.49,58.04,-85.88,104.25
0.11,-0.64,0.39,58.11,-96.74,99.67
-0.06,-0.49,0.31,60.42,-139.77,88.62
-0.16,-0.71,0.24,71.66,-199.1,65.43
-0.35,-0.81,0.21,43.15,-168.33,54.38
-0.09,-0.92,0.16,35.4,-164.79,64.15
-0.09,-1.01,0.1,16.72,-189.64,49.93
-0.31,-0.98,0.09,5.8,-191.1,41.87
-0.54,-1.03,0.03,-3.78,-164.49,46.63
-0.48,-1.17,0.02,0.67,-142.52,46.45
-0.39,-1.29,0,-9.95,-119.93,33.33
-0.33,-1.48,0.13,-4.64,-112.49,30.46
-0.36,-1.56,0.35,-3.6,-86.36,37.05
-0.33,-1.63,0.48,14.77,-51.03,36.25
-0.36,-1.74,0.53,29.42,-36.56,35.58
-0.34,-1.73,0.53,41.87,-16.54,37.9
-0.26,-1.69,0.55,57.5,18.43,39.73
-0.15,-1.64,0.54,65.31,24.23,39.79
-0.05,-1.57,0.58,61.58,28.56,44.19
0,-1.53,0.6,60.91,-10.44,18.62
-0.05,-1.44,0.61,53.28,-55.18,18.19
-0.23,-1.24,0.6,61.65,-63.23,29.11
-0.16,-1.09,0.54,73.36,-51.51,44.86
-0.11,-1.08,0.51,96.13,-42.36,54.32
-0.08,-1.01,0.4,117.61,-40.04,62.38
-0.08,-1,0.22,123.29,-35.22,69.52
0.03,-1.07,0.02,127.81,-27.53,77.27
0.12,-1.16,-0.2,120.67,-36.8,85.21
0.19,-1.28,-0.38,106.57,-42.48,85.27
0.22,-1.42,-0.49,91.74,-35.4,81.18
0.29,-1.38,-0.49,80.93,-7.81,77.03
0.32,-1.36,-0.49,81.67,7.08,69.21
0.3,-1.36,-0.44,70.43,23.86,43.64
0.36,-1.36,-0.57,58.35,31.13,34.24
0.39,-1.56,-0.77,36.32,23.56,14.65
0.35,-1.55,-0.83,8.91,29.66,-4.64
0.47,-1.63,-1,-18.49,38.21,-39.61
0.73,-2.04,-1.38,-62.87,41.5,-55.48
0.83,-1.79,-1.47,-115.66,55.24,-65.12
0.76,-1.26,-1.3,-162.6,123.29,-136.84
0.63,-1.06,-1.18,-221.25,182.5,-203.12
0.26,-0.62,-0.67,-258.73,210.69,-221.86
-0.07,0,0.47,-322.39,283.51,-272.28
-0.18,0.85,1.8,-336.79,351.99,-350.34
-0.06,0.5,0.15,-195.19,252.32,-374.08
0.86,0.4,-1.43,-160.16,216.43,-360.47
2.09,0.89,-1.33,-176.51,161.56,-294.25
0.27,0.92,-0.63,-100.77,144.84,-323.79
-3.16,0.42,0.05,-14.83,215.58,-413.27
0.19,0.34,1.57,196.96,458.92,-368.1
0.72,-0.16,1.98,298.52,305.48,-119.81
0.04,-1.58,0.68,145.87,50.42,24.29
-0.18,-2.11,0.24,-45.17,-158.26,226.44
-0.24,-1.45,0,-84.78,-182.37,257.2
-0.57,-0.6,0.35,-70.62,-100.1,139.4
-1.01,-0.05,0.36,-54.93,-53.89,20.87
-0.93,-0.05,0.54,-7.2,5.31,27.95
-0.53,-0.77,0.47,49.99,111.88,76.54
-0.03,-1.17,0.55,58.84,153.56,152.89
0.24,-1,0.56,25.33,97.17,177
0.15,-0.94,0.56,-22.03,26.73,140.2
-0.14,-0.86,0.58,-18.13,-1.71,114.81
-0.4,-0.68,0.68,-24.78,-59.94,60.3
-0.45,-0.5,0.71,5.07,-72.02,31.68
-0.41,-0.46,0.63,33.2,-56.21,52.06
-0.18,-0.47,0.52,49.93,-44.25,83.37
-0.11,-0.46,0.42,59.27,-55.6,102.29
-0.14,-0.52,0.4,56.95,-50.54,110.05
0.02,-0.47,0.44,61.04,-60.67,144.41
0.15,-0.5,0.39,56.76,-48.28,128.17
0.22,-0.57,0.34,60.24,-71.72,109.19
0.13,-0.74,0.28,55.36,-83.92,97.9
-0.05,-0.68,0.27,55.42,-117.19,102.72
-0.19,-0.79,0.22,39.61,-116.88,93.08
-0.2,-0.91,0.26,26.86,-97.23,89.84
0.08,-1.1,0.32,6.23,-67.81,74.58
0.15,-1.1,0.41,7.57,-77.82,57.68
-0.14,-1.16,0.5,0.18,-113.1,34.48
-0.4,-1.29,0.53,1.4,-131.23,26.86
-0.45,-1.35,0.6,2.75,-124.45,28.44
-0.43,-1.36,0.58,8,-101.2,28.14
-0.14,-1.4,0.51,14.95,-93.14,31.13
-0.21,-1.36,0.64,28.5,-86.85,38.7
-0.42,-1.38,0.84,59.39,-65.12,37.9
-0.32,-1.48,0.79,91.61,-36.74,56.76
-0.06,-1.58,0.63,100.52,-27.22,62.19
0.08,-1.61,0.53,101.87,-45.53,56.15
0.07,-1.54,0.48,97.96,-73.67,44.49
-0.08,-1.41,0.42,96.62,-83.37,25.27
0.03,-1.49,0.28,105.04,-74.28,22.52
0.09,-1.48,0.24,102.11,-61.58,32.9
0.25,-1.41,0.23,107.54,-57.31,33.39
0.25,-1.26,0.15,105.35,-55.91,24.35
0.14,-1.21,0.03,98.02,-51.03,14.1
0.13,-1.27,-0.17,100.59,-33.87,18.25
0.21,-1.38,-0.34,88.01,-24.9,25.94
0.24,-1.36,-0.4,75.68,-19.35,23.93
0.27,-1.34,-0.42,59.94,-7.02,10.86
0.29,-1.48,-0.58,48.16,3.78,-2.81
0.15,-1.56,-0.76,29.72,15.44,-15.38
0.13,-1.51,-0.78,3.72,43.64,-33.75
0.13,-1.4,-0.77,-8.85,52.86,-38.82
0.17,-1.51,-0.94,-38.76,62.74,-50.11
0.33,-1.85,-1.3,-92.41,60.67,-40.95
0.34,-1.95,-1.64,-160.1,63.66,-18.25
0.57,-1.51,-1.53,-236.45,103.15,-34.85
0.49,-0.69,-0.84,-299.87,182.25,-170.78
0.12,0.45,0.45,-357.18,274.6,-346.98
-0.17,1.1,1.23,-287.72,306.27,-422.18
-0.53,0.67,0.84,-235.29,222.72,-327.03
-1.29,0.35,0.56,-155.88,400.45,-238.65
1.48,0.46,-0.31,-200.68,444.76,-199.71
2.86,-0.23,-1.9,-115.78,247.99,-114.2
-1.16,-0.1,-1.45,-125.79,181.82,-212.22
-3.61,1.31,0.8,94.6,125.24,-453.06
2.78,0.21,2.56,216.61,486.33,-481.99
0.6,-0.84,0.54,134.95,74.34,-22.89
-0.1,-2.63,0.56,-92.29,-198.91,266.48
-0.08,-0.87,0.52,-83.37,-107.6,278.63
0.01,-0.63,0.7,-78,-99.37,58.29
-0.4,-0.45,0.57,-57.56,-140.08,49.38
-0.71,-0.13,0.67,-55.11,-130,77.51
-0.51,-0.31,0.72,-4.46,-25.7,79.9
-0.12,-0.59,0.69,46.75,51.94,60.06
0.29,-0.75,0.68,47.55,80.63,63.66
0.3,-1.07,0.8,7.45,54.87,66.41
-0.08,-1.01,0.85,-17.64,-28.99,90.39
-0.26,-0.66,0.83,-19.23,-75.44,85.75
-0.3,-0.55,0.78,-4.27,-81.18,65.19
-0.34,-0.42,0.81,17.15,-86.85,72.63
-0.09,-0.39,0.83,30.03,-79.41,77.27
-0.1,-0.45,0.7,36.19,-65.55,99.67
-0.22,-0.48,0.59,52.8,-97.6,128.17
-0.33,-0.54,0.6,59.02,-108.28,100.77
-0.18,-0.66,0.69,60.06,-63.84,93.08
0.01,-0.63,0.68,53.16,-26.92,111.51
0.11,-0.48,0.58,62.56,-55.18,114.99
0.05,-0.57,0.47,66.22,-109.31,110.66
-0.12,-0.88,0.37,58.78,-145.45,102.91
-0.16,-1.06,0.32,39.73,-156.74,95.34
-0.09,-1.1,0.31,29.42,-159.79,104.49
-0.04,-0.99,0.27,24.11,-162.35,90.21
-0.15,-0.95,0.16,10.68,-190.61,67.63
-0.43,-1.21,0.18,1.59,-234.68,36.68
-0.7,-1.4,0.21,-6.1,-200.07,38.39
-0.67,-1.44,0.4,14.4,-109.25,64.58
-0.49,-1.43,0.66,59.39,-31.8,74.65
-0.39,-1.6,0.8,104.43,0.79,83.13
-0.3,-1.63,0.83,124.76,17.27,88.5
-0.18,-1.6,0.69,125.85,-3.91,84.05
0.08,-1.62,0.61,123.54,-38.09,62.07
0.1,-1.63,0.49,109.74,-58.9,53.89
0.05,-1.47,0.5,100.16,-89.66,33.45
0.01,-1.29,0.48,100.22,-103.94,12.15
0.03,-1.14,0.43,105.9,-84.96,31.13
0.06,-1.16,0.29,122.8,-76.17,48.77
-0.05,-1.09,0.18,131.65,-53.96,56.09
0.08,-1.08,0.14,134.52,-22.4,57.86
0.23,-1.11,0.04,142.52,4.64,72.02
0.26,-1.15,-0.1,138.79,-3.11,72.88
0.24,-1.13,-0.17,131.71,-19.71,70.43
0.27,-1.18,-0.31,116.52,-25.76,70.74
0.23,-1.22,-0.39,107.67,-24.29,68.97
0.24,-1.22,-0.49,105.9,-10.86,61.1
0.23,-1.25,-0.57,97.29,-3.66,56.4
0.22,-1.24,-0.68,89.23,2.87,45.1
0.25,-1.24,-0.7,70.37,5.49,38.02
0.31,-1.17,-0.7,61.83,15.63,18.8
0.3,-1.18,-0.74,39.79,26.49,1.89
0.29,-1.25,-0.97,19.47,17.15,-22.58
0.36,-1.33,-1.09,2.75,3.23,-49.74
0.61,-1.55,-1.46,-34.97,-0.55,-50.9
0.95,-1.94,-1.75,-105.1,-11.41,-47.49
1.17,-1.45,-1.8,-162.72,5.37,-39.18
1.11,-1,-1.65,-233.28,58.53,-76.54
0.44,-0.56,-0.91,-262.02,139.47,-99
0.31,-0.27,-0.18,-333.98,168.64,-219.6
-0.07,0.25,0.78,-360.35,187.32,-382.69
-0.87,0.65,0.83,-281.68,234.31,-522.09
-0.91,0.69,-1.21,-107.73,274.41,-527.53
-0.57,1.13,-1.73,-122.56,468.69,-487.98
3.14,1.51,-0.81,-148.19,546.69,-468.63
1.57,0.42,-1.03,34.3,421.63,-367.55
-2.66,0.73,-0.2,-34.48,226.99,-305.85
0.69,0.64,2.35,175.48,507.69,-256.16
0.65,-0.51,1.7,238.95,280.09,-117.68
0.5,-2,0.93,12.27,-95.46,160.58
-0.15,-1.66,0.08,-51.82,-187.07,257.69
-0.76,-1,0.32,-54.44,-143.8,145.08
-0.76,-0.84,0.52,-20.26,-24.72,42.54
-0.73,-0.63,0.62,-11.41,8.79,74.95
-0.55,-0.51,0.65,12.57,16.05,92.65
-0.34,-0.84,0.51,31.49,42.3,108.52
-0.29,-0.93,0.49,41.26,91.06,126.04
0.07,-1.07,0.57,30.58,100.71,123.6
0.4,-1.21,0.71,-3.05,52.8,149.23
0.1,-0.99,0.8,-46.75,-6.84,189.03
-0.3,-0.69,0.87,-55.05,-56.52,195.74
-0.33,-0.48,0.85,-25.39,-71.96,130.31
-0.27,-0.43,0.82,7.75,-69.82,59.02
-0.24,-0.41,0.8,22.52,-74.34,49.5
-0.1,-0.49,0.78,47.55,-70.8,53.89
0.08,-0.58,0.72,58.29,-56.76,72.81
0.19,-0.72,0.68,69.46,-61.34,101.01
0.26,-0.89,0.66,60.79,-59.33,113.53
0.24,-0.9,0.58,59.94,-85.94,102.84
0.15,-0.79,0.63,52.19,-111.94,34.73
-0.06,-0.73,0.58,62.19,-157.35,41.08
-0.19,-0.86,0.48,67.14,-165.65,39.49
-0.24,-0.9,0.52,74.83,-175.54,34.61
-0.16,-0.92,0.53,78.43,-168.88,28.75
-0.13,-0.87,0.49,73.79,-118.41,26.37
-0.12,-0.94,0.34,80.75,-115.54,51.39
-0.29,-1.1,0.24,78.12,-155.88,47.67
-0.5,-1.1,0.12,75.68,-167.36,39.43
-0.41,-1.25,0.09,71.53,-142.88,35.28
-0.3,-1.35,-0.02,81.6,-109.8,34.73
-0.37,-1.43,0.02,83.13,-100.77,22.58
-0.48,-1.39,0.17,77.58,-94.36,22.58
-0.58,-1.41,0.27,77.21,-86.73,26.49
-0.49,-1.43,0.3,81.54,-74.04,31.86
-0.29,-1.49,0.18,99.3,-36.38,53.16
-0.06,-1.55,0.25,85.75,-30.09,87.04
0.09,-1.46,0.29,90.03,-26.73,98.57
0.05,-1.26,0.23,100.22,-37.78,86.12
-0.13,-1.14,0.18,116.21,-35.83,68.48
-0.04,-1.12,0.17,122.44,-22.52,71.29
0.14,-1.17,-0.07,122.92,-20.87,88.13
0.22,-1.34,-0.29,112.06,-46.39,104
0.17,-1.34,-0.38,98.57,-61.77,105.1
0.13,-1.28,-0.41,94.48,-55.24,89.78
0.29,-1.29,-0.47,99.49,-18.92,83.37
0.44,-1.36,-0.64,97.41,3.85,76.35
0.4,-1.36,-0.63,82.89,15.14,59.27
0.25,-1.13,-0.47,69.64,27.71,26.31
0.22,-0.94,-0.4,62.26,38.57,7.32
0.41,-1.03,-0.51,52.73,42.18,20.94
0.65,-1.28,-0.9,34.91,35.46,34.36
0.56,-1.54,-1.24,-10.25,22.95,27.53
0.49,-1.46,-1.35,-45.47,2.93,32.47
0.67,-1.38,-1.45,-90.76,2.44,21.18
1.37,-1.13,-1.52,-148.68,2.93,5.31
1.01,-1.5,-1.48,-194.21,33.75,-30.94
0.8,-0.87,-1.02,-240.66,103.39,-153.32
0.03,-0.1,-0.09,-296.26,166.56,-278.81
-0.58,0.62,1.05,-323.91,215.45,-338.75
-0.53,-0.02,0.6,-303.1,226.5,-326.11
-0.14,-0.74,-0.6,-166.02,162.54,-241.46
0.9,0.53,-1.34,-123.96,228.03,-328.86
1.46,0.68,-1.18,-154.05,254.46,-412.23
1.99,1,-1.12,-131.71,215.15,-411.99
-0.03,0.41,-0.44,-89.84,163.88,-414.61
-2.66,0.15,0.44,-19.53,260.01,-388.31
-0.81,1.05,1.83,182.5,484.01,-337.28
0.69,-1.7,1.13,290.59,289.73,-128.66
0.02,-1.91,0.11,50.42,-70.07,190
0.27,-2.02,-0.14,-42.24,-148.25,318.85
0.09,-1.72,-0.15,-91.43,-118.04,267.82
-0.21,-0.88,0.12,-125.92,-127.38,102.36
-0.62,-0.75,0.32,-91.19,-114.99,-33.69
-0.96,-0.43,0.39,-74.83,-97.84,-44.98
-0.86,-0.42,0.37,-34.18,-27.95,-31.25
-0.6,-0.6,0.33,0.24,59.57,10.68
-0.32,-0.83,0.34,22.58,117.19,36.32
-0.12,-0.97,0.38,24.29,117.49,48.65
-0.05,-0.9,0.39,17.21,72.2,69.34
-0.09,-0.83,0.41,1.28,32.17,93.2
-0.24,-0.77,0.41,-4.88,-15.01,103.58
-0.28,-0.67,0.43,-7.87,-44.01,93.44
-0.26,-0.58,0.4,-5.37,-62.19,68.12
-0.26,-0.5,0.35,0.12,-73.97,59.45
-0.36,-0.44,0.35,1.77,-78.25,52.19
-0.33,-0.43,0.39,8.12,-72.33,56.4
-0.43,-0.51,0.47,7.39,-61.22,75.62
-0.35,-0.5,0.48,14.47,-54.99,111.69
-0.28,-0.58,0.46,15.63,-45.59,111.51
-0.09,-0.67,0.42,17.03,-62.93,100.59
-0.04,-0.75,0.37,12.27,-92.1,87.83
-0.13,-0.76,0.29,5.31,-127.87,86.67
-0.25,-0.8,0.28,-5.92,-157.78,81.73
-0.52,-0.89,0.32,-20.2,-144.78,91.8
-0.27,-1.03,0.37,-17.82,-164.86,76.48
-0.36,-0.93,0.36,-30.4,-171.75,45.53
-0.48,-0.86,0.26,-35.95,-150.51,52.86
-0.73,-1.15,0.5,-28.44,-163.7,17.21
-0.94,-1.33,0.86,-23.32,-121.03,-14.95
-0.77,-1.36,1.03,5.74,-49.38,15.56
-0.4,-1.44,1,37.54,-20.45,80.32
-0.49,-1.41,1.04,62.07,-18.13,97.35
-0.57,-1.47,1.08,85.33,-27.22,77.09
-0.49,-1.47,1.12,95.34,-29.54,75.74
-0.21,-1.35,1.05,108.58,-35.77,74.83
-0.03,-1.38,0.76,119.81,-63.35,65.25
-0.07,-1.39,0.54,124.21,-85.88,53.47
-0.23,-1.24,0.49,126.77,-90.15,47.36
-0.2,-1.14,0.41,137.45,-78.86,60.55
-0.13,-1.18,0.26,145.02,-63.11,78.19
-0.04,-1.17,0.13,146.06,-59.45,90.21
-0.06,-1.07,0.05,140.87,-60.85,92.83
-0.02,-1,0.02,143.07,-53.1,99.06
0.18,-1.02,-0.17,139.59,-50.42,98.88
0.26,-1.22,-0.41,128.3,-50.84,97.78
0.29,-1.23,-0.51,111.33,-53.28,91.67
0.35,-1.18,-0.49,97.29,-40.28,80.14
0.38,-1.18,-0.55,93.32,-23.38,62.13
0.39,-1.3,-0.65,74.95,-14.83,48.16
0.34,-1.34,-0.71,54.38,-16.05,45.9
0.41,-1.38,-0.66,41.32,-5.19,36.32
0.43,-1.59,-0.74,30.58,-4.7,25.45
0.47,-1.73,-0.92,13.73,-9.52,21.18
0.9,-2.21,-1.54,-13.79,-20.63,24.35
1.3,-2.1,-1.83,-95.58,-59.75,41.5
1.29,-1.76,-1.8,-145.94,0.49,12.27
1.44,-1.53,-1.6,-220.83,54.63,-133.54
0.77,-0.71,-1.01,-283.87,72.27,-282.04
-0.03,0.51,-0.09,-352.78,117.31,-375
-0.44,1.21,0.61,-385.93,207.82,-402.59
-0.44,1.25,1.1,-307.37,301.51,-424.99
-0.56,1.44,0.41,-55.66,443.66,-487.79
-0.17,1.51,0.29,45.35,660.34,-473.08
0.83,1.3,-0.06,111.76,696.96,-387.08
1.28,-1.05,-1.97,76.17,245.91,-122.99
-0.08,-1.2,-1.15,10.93,22.77,-111.82
-1.08,1.21,-0.31,-24.35,116.52,-375.73
-0.97,1,1.54,162.41,496.95,-442.63
0.12,-2.34,0.65,234.01,353.64,-210.21
-0.69,-1.52,0.53,12.57,-8.18,131.29
0.21,-1.38,0.52,-28.2,-104.98,237.98
0,-1.45,0.1,-8.79,-60.18,201.97
-0.12,-1.48,0.02,-36.5,-82.52,172.18
-0.35,-1.15,0.34,-45.23,-81.97,155.76
-0.41,-0.94,0.39,-82.21,-99.18,75.13
-0.45,-0.72,0.32,-89.84,-120.54,57.25
-0.57,-0.43,0.41,-96.8,-131.96,77.09
-0.66,-0.44,0.6,-63.72,-74.89,86.18
-0.44,-0.57,0.6,-17.52,6.16,110.66
-0.21,-0.76,0.56,16.42,48.52,168.58
0.01,-0.81,0.53,21.12,56.95,229.31
0.2,-0.75,0.54,10.5,45.78,228.52
0.26,-0.71,0.48,3.78,12.88,145.51
0.21,-0.73,0.45,0.85,-20.87,99.67
0.09,-0.62,0.43,0.79,-98.14,44.56
-0.01,-0.57,0.42,0.67,-130,45.17
-0.24,-0.53,0.36,2.69,-132.02,53.28
-0.35,-0.52,0.4,3.54,-106.51,94.73
-0.11,-0.49,0.46,9.46,-45.59,113.46
0.23,-0.55,0.5,29.72,-62.99,95.7
0.18,-0.52,0.46,31.8,-101.56,44.92
-0.2,-0.65,0.39,26.73,-100.71,29.48
-0.28,-0.77,0.38,18.19,-122.8,85.08
-0.06,-0.9,0.43,16.24,-128.97,103.94
0.12,-0.98,0.41,3.05,-129.46,89.6
0.1,-0.87,0.34,-1.16,-147.89,73.49
-0.14,-0.93,0.3,-11.54,-167.66,51.51
-0.63,-1.14,0.45,-17.15,-168.21,23.62
-0.62,-1.34,0.66,-2.2,-122.68,30.76
-0.38,-1.44,0.79,26.18,-81.85,46.33
-0.25,-1.62,0.89,59.69,-72.39,42.11
-0.41,-1.65,1,86.06,-64.03,18.01
-0.41,-1.67,1,98.94,-39.43,23.32
-0.21,-1.68,0.88,102.84,-31.31,29.24
-0.19,-1.71,0.75,105.65,-40.41,33.94
-0.19,-1.59,0.69,106.75,-62.99,23.5
-0.2,-1.5,0.66,106.93,-69.34,20.94
-0.14,-1.38,0.62,116.58,-64.27,29.11
-0.06,-1.3,0.54,123.29,-62.99,32.53
-0.1,-1.26,0.36,129.94,-63.35,36.25
-0.1,-1.24,0.28,132.2,-56.15,42.24
-0.13,-1.17,0.21,128.17,-49.01,53.28
-0.16,-1.17,0.17,131.04,-45.17,64.76
-0.06,-1.19,0.08,132.93,-42.48,70.5
0.02,-1.23,-0.02,123.41,-43.82,80.44
0.15,-1.21,-0.12,120.61,-38.57,83.74
0.17,-1.32,-0.34,113.59,-30.4,72.75
0.16,-1.39,-0.6,98.63,-19.17,55.11
0.24,-1.5,-0.75,72.57,-10.19,47.61
0.36,-1.59,-0.78,42.97,-8.18,41.02
0.44,-1.54,-0.81,17.82,2.2,20.39
0.39,-1.53,-0.97,-9.03,21.3,-5.68
0.48,-1.58,-1.14,-39.67,37.35,-29.48
0.74,-1.76,-1.72,-73.91,33.87,-34.3
0.82,-1.81,-1.83,-174.44,52.92,-53.47
1.03,-1.07,-1.23,-230.65,141.42,-81.73
0.79,-0.38,-0.36,-306.58,173.34,-167.05
0.29,0.34,0.68,-347.41,247.86,-346.74
-0.35,1.28,1.35,-259.28,297.73,-518.68
-0.7,0.8,0.5,-121.77,272.46,-518.92
-0.47,0.57,-0.4,-59.33,308.96,-361.82
0.31,0.66,-0.16,-22.34,423.95,-271.91
0.82,0.48,-0.63,39.73,367.19,-182.07
0.67,-0.54,-0.84,41.32,268.43,-138.61
-0.35,-1.19,-0.74,4.03,151.86,-112.79
-0.52,-0.65,-0.15,-11.78,182.37,-175.6
0.24,-0.05,1.39,9.77,278.08,-162.96
-0.18,-1.21,1.34,21.36,113.16,-66.71
-0.3,-1.09,0.75,-19.78,-55.66,113.59
-0.45,-1.04,0.33,-29.85,-113.22,175.42
-0.51,-0.86,0.25,-49.44,-76.11,142.76
-0.53,-0.86,0.49,-44.68,-11.23,92.96
-0.6,-0.83,0.5,-37.17,35.71,96.01
-0.34,-0.8,0.41,-25.33,49.68,103.21
-0.1,-0.64,0.44,-31.43,55.3,84.23
0.01,-0.8,0.61,-29.11,55.6,17.27
0.04,-0.94,0.66,-26.79,29.3,-5.37
-0.02,-0.92,0.66,-40.77,1.77,0
-0.23,-0.8,0.68,-50.6,-29.54,-2.38
-0.35,-0.66,0.71,-44.25,-44.92,12.39
-0.37,-0.54,0.67,-26.18,-46.08,40.47
-0.36,-0.48,0.64,-9.22,-50.23,64.88
-0.25,-0.41,0.62,-0.37,-62.32,75.68
-0.27,-0.26,0.55,19.53,-62.07,73.36
-0.2,-0.21,0.53,35.83,-57.31,78.55
-0.07,-0.22,0.51,43.82,-63.72,97.53
-0.01,-0.18,0.5,46.45,-79.28,106.63
-0.08,-0.29,0.44,47.73,-96.68,111.21
-0.22,-0.44,0.44,39.43,-100.04,128.85
-0.15,-0.7,0.49,31.49,-101.81,129.09
0.02,-0.74,0.42,15.44,-82.46,131.47
0.07,-0.72,0.3,10.5,-106.99,121.7
-0.07,-0.72,0.31,7.81,-148.01,93.87
-0.47,-0.88,0.49,-0.55,-158.33,77.58
-0.76,-1,0.67,1.04,-144.47,64.03
-0.57,-1.01,0.68,4.46,-107.73,61.28
-0.41,-1.08,0.61,14.22,-99.24,54.93
-0.52,-1.24,0.69,36.93,-110.23,36.32
-0.65,-1.25,0.86,54.5,-81.18,43.46
-0.43,-1.33,0.87,71.29,-54.26,49.44
-0.32,-1.39,0.82,74.46,-70.31,37.23
-0.35,-1.46,0.66,73.43,-74.04,46.14
-0.37,-1.45,0.64,77.09,-70.56,57.37
-0.36,-1.51,0.61,76.72,-64.27,61.28
-0.28,-1.53,0.6,78.74,-53.28,68.97
-0.22,-1.46,0.59,83.86,-51.88,70.74
-0.21,-1.44,0.48,91.49,-52.61,60.3
-0.16,-1.43,0.46,96.13,-44.92,53.65
-0.03,-1.41,0.44,101.99,-27.65,54.99
0.03,-1.34,0.46,109.07,-24.84,61.28
-0.04,-1.36,0.42,117.37,-32.78,66.65
-0.05,-1.38,0.31,117.8,-39.55,73.43
-0.05,-1.32,0.25,111.02,-61.95,87.95
0.08,-1.3,0.08,119.63,-38.45,83.19
0.19,-1.31,-0.1,118.41,-17.21,68.24
0.22,-1.41,-0.34,113.4,-9.7,63.96
0.28,-1.48,-0.53,97.6,-7.26,48.52
0.3,-1.49,-0.66,73.12,-8.3,31.43
0.26,-1.4,-0.73,47,-2.81,9.64
0.28,-1.35,-0.84,24.48,24.11,25.94
0.35,-1.52,-1.03,-2.81,42.11,-4.82
0.38,-1.54,-1.37,-49.74,65,-10.01
0.52,-1.65,-1.36,-86.18,26.43,-37.96
0.59,-1.26,-1.25,-127.44,31.98,-72.51
0.48,-1,-0.9,-171.75,98.45,-181.52
0.14,-0.65,-0.48,-210.63,139.53,-238.71
-0.17,-0.11,0.2,-231.08,192.99,-253.42
-0.41,0.29,1.01,-222.17,229.13,-243.71
-0.51,0.19,1.02,-157.04,234.13,-200.56
-0.8,-0.47,-0.51,-94.06,247.44,-126.46
-0.29,-0.13,-1.22,-108.34,350.52,-123.6
0.43,0.16,-0.96,-164.98,379.33,-147.64
1.02,0.34,-0.67,-129.15,220.64,-114.99
0.75,-0.11,-0.44,-60.73,197.08,-131.41
0.17,-0.71,-0.24,-33.69,196.23,-169.13
0.5,-0.37,0.16,-14.65,246.34,-164.61
0.01,-0.12,1.11,-12.02,298.4,-156.43
-0.25,-0.82,1.4,0,186.95,-52.19
0.06,-1.44,0.95,-10.74,44.25,66.83
0.07,-1.04,0.48,-46.57,-95.09,70.86
-0.3,-0.63,0.41,-75.87,-121.58,40.59
-0.51,-0.55,0.51,-73.3,-131.1,32.78
-0.75,-0.46,0.63,-64.76,-103.82,26.73
-0.57,-0.62,0.71,-32.65,-12.63,35.71
-0.22,-0.79,0.71,-3.42,53.1,56.95
0.03,-0.86,0.68,5.13,66.71,65.25
0.07,-0.86,0.67,1.22,45.04,72.63
0.09,-0.87,0.69,-13.85,9.83,75.38
0.07,-0.74,0.75,-23.19,-29.6,78.43
-0.02,-0.56,0.76,-13.06,-63.54,82.52
-0.07,-0.32,0.73,5.13,-80.63,93.57
-0.04,-0.24,0.63,32.29,-90.7,104.06
-0.04,-0.12,0.55,41.44,-84.47,107.12
0.05,-0.2,0.55,51.94,-60.06,115.72
0.29,-0.39,0.61,49.38,-41.93,133.18
0.41,-0.5,0.57,47.55,-57.01,132.87
0.18,-0.55,0.41,36.01,-113.46,112.98
-0.19,-0.55,0.44,27.71,-166.2,94.48
-0.17,-0.67,0.57,32.35,-187.74,86.91
-0.19,-0.81,0.7,36.56,-188.84,64.21
-0.13,-0.81,0.73,22.71,-150.51,72.39
-0.12,-0.88,0.71,24.29,-155.09,57.74
-0.28,-1.07,0.67,21.48,-152.77,42.85
-0.37,-1.12,0.68,24.54,-143.25,52
-0.35,-1.15,0.7,37.11,-143.37,66.1
-0.31,-1.13,0.84,44.25,-132.57,75.13
-0.11,-1.26,0.76,62.74,-134.64,85.39
-0.24,-1.55,0.63,72.2,-171.45,44.25
-0.48,-1.5,0.5,76.6,-156.56,38.88
-0.54,-1.48,0.42,83.68,-128.85,48.34
-0.47,-1.47,0.39,89.42,-98.21,68.42
-0.45,-1.49,0.43,105.35,-67.81,81.48
-0.4,-1.51,0.29,107.06,-57.25,90.21
-0.21,-1.56,0.2,108.09,-48.58,93.81
-0.14,-1.57,0.09,107.48,-40.04,92.35
-0.05,-1.62,0.02,104.86,-35.22,84.78
0,-1.56,0.08,102.29,-15.63,78.25
0.14,-1.56,0.11,103.58,5.49,66.1
0.37,-1.62,0.08,111.33,17.82,61.4
0.23,-1.61,0.14,110.66,8.67,55.36
0.1,-1.28,0.23,114.2,0.61,62.44
0.06,-1.11,0.26,117.55,7.75,52.43
-0.05,-1.01,0.27,120.42,19.53,48.52
0.01,-1.05,0.12,125.73,23.07,62.32
0.03,-1.12,-0.11,121.95,2.56,66.71
0.22,-1.29,-0.32,115.97,-6.65,86.3
0.37,-1.51,-0.68,109.19,-4.94,73.79
0.57,-1.81,-1.08,85.69,-11.84,38.82
0.83,-2.13,-1.42,35.34,-19.96,2.87
1.14,-2.15,-1.67,-26.79,-0.73,-12.08
1.38,-1.61,-1.82,-78.37,51.51,-56.95
1.31,-1.37,-1.86,-159.48,114.75,-148.01
0.95,-0.73,-1.58,-212.46,113.22,-230.1
0.5,-0.19,-0.79,-303.47,118.65,-268.43
0.11,0.73,0.21,-375.31,151.43,-346.01
-0.18,1.57,1.58,-362.92,195.31,-374.08
-0.46,1.44,1.49,-246.03,243.04,-355.71
-0.51,0.06,-0.92,-126.1,241.52,-311.34
0.48,0.47,-1.21,-117.07,288.57,-281.43
1.08,0.59,-0.49,-107.6,324.46,-277.1
0.83,-0.37,-0.49,-18.37,273.86,-244.93
-0.14,-0.67,-0.32,-7.39,181.88,-246.09
-1.54,-0.02,0.17,-4.64,192.14,-269.71
-0.61,0.77,1.42,100.52,397.95,-292.11
0.56,-1.66,1.12,145.26,273.8,-210.33
-0.03,-1.36,0.59,6.23,-28.93,86.91
-0.11,-1.21,0.27,-30.21,-83.19,279.79
-0.18,-0.89,0.2,-38.51,-58.35,206.42
-0.48,-0.76,0.6,-40.83,-75.07,39.86
-0.84,-0.58,0.8,-28.69,-73.12,43.64
-0.74,-0.54,0.75,-22.34,-39.37,62.68
-0.61,-0.41,0.61,-0.67,-3.36,74.71
-0.6,-0.3,0.57,6.23,10.31,80.87
-0.41,-0.47,0.57,31.37,27.1,100.77
-0.08,-0.8,0.56,46.45,52,121.77
0.17,-0.94,0.66,44.56,74.52,146.55
0.33,-0.8,0.62,32.29,49.93,184.81
0.3,-0.78,0.56,8.85,-13.73,191.96
0.25,-0.72,0.5,-10.19,-81.91,161.62
0.06,-0.71,0.48,-8.91,-124.33,92.59
-0.18,-0.63,0.54,-4.58,-147.22,39.49
-0.27,-0.61,0.59,5.62,-138.55,36.38
-0.25,-0.52,0.66,11.47,-122.38,43.09
-0.05,-0.47,0.55,18.8,-110.66,68.3
-0.15,-0.49,0.45,18.13,-120,43.4
-0.35,-0.58,0.45,24.96,-141.85,32.1
-0.39,-0.64,0.52,5.19,-82.21,74.71
0.06,-0.9,0.6,12.94,-82.82,77.27
0.11,-0.96,0.62,-1.46,-102.84,39.49
-0.21,-1,0.61,-20.26,-150.27,37.96
-0.86,-0.99,0.7,-27.16,-159.36,29.97
-0.94,-1.01,0.8,-6.04,-131.65,40.1
-0.81,-1.26,0.96,4.21,-101.5,46.45
-0.5,-1.38,1.14,40.04,-41.26,63.42
-0.39,-1.44,1.1,65.55,-19.1,72.88
-0.5,-1.49,0.97,89.6,-45.84,73.55
-0.52,-1.54,0.92,103.03,-50.78,56.76
-0.37,-1.51,0.84,106.38,-39.73,70.74
-0.18,-1.46,0.74,116.82,-46.51,76.29
-0.21,-1.38,0.67,122.86,-61.1,69.46
-0.17,-1.2,0.54,137.57,-46.69,72.81
-0.15,-1.14,0.43,142.76,-45.04,48.77
-0.17,-1.18,0.42,141.66,-61.22,28.02
-0.13,-1,0.35,152.04,-37.48,58.23
-0.01,-0.99,0.26,155.58,-15.56,69.4
0.17,-1,0.03,162.84,-7.45,97.35
0.16,-1.2,-0.17,161.99,-36.32,76.97
0.02,-1.11,-0.34,144.47,-31.13,33.87
0.18,-1.19,-0.58,123.05,-28.02,41.87
0.28,-1.3,-0.71,100.34,-18.86,63.54
0.19,-1.31,-0.74,73.43,-7.39,71.04
0.25,-1.33,-0.81,54.99,17.03,46.94
0.37,-1.44,-0.81,40.83,29.6,42.24
0.43,-1.59,-0.97,13.79,26,43.4
0.55,-1.63,-1.14,-22.34,22.95,50.17
0.68,-1.56,-1.36,-59.88,47.36,58.29
1.13,-1.34,-1.47,-113.65,51.76,52.98
1.13,-1.36,-1.51,-169.74,51.94,-71.11
0.84,-0.95,-1.06,-252.93,76.78,-246.89
0.42,-0.16,-0.13,-301.09,87.52,-367.37
-0.47,0.54,1.07,-328.8,146.42,-450.07
-0.82,1.02,1.46,-267.82,212.83,-457.89
-1.13,0.3,0.47,-208.31,203.12,-422.3
-0.83,-0.08,-1.3,-104.92,235.96,-323
0.6,0.88,-0.93,-155.03,385.01,-281.31
2.05,0.77,-0.61,-22.89,509.77,-286.62
0.45,-0.72,-0.76,58.11,287.35,-202.45
-0.68,-0.64,-0.36,-20.08,152.71,-241.58
0.59,0.43,1.84,41.32,490.05,-303.28
-0.47,-0.69,1.83,193.12,411.56,-151.12
-0.12,-1.77,1.06,106.75,200.01,159.85
0.19,-1.64,0.95,-15.5,-127.08,212.77
-0.34,-0.6,0.68,-33.02,-178.22,150.21
-0.69,-0.11,0.71,-21.67,-176.09,60.3
-1.88,-0.65,-1.58,-142.82,55.73,130.86
-1.94,-0.85,-1.86,-187.93,129.33,185.42
-1.3,-0.5,-1.49,-251.53,185.97,234.56
-0.32,0.25,-0.6,-321.29,178.47,301.03
0.76,0.93,0.7,-379.64,92.41,299.13
1.16,1.04,1.39,-386.6,42.6,196.84
1.79,1.04,2.1,-342.83,22.89,173.52
1.19,-0.21,-0.15,-319.64,-49.5,243.41
-1.12,1.5,-1.13,-404.11,-120.24,228.09
-1.41,2.19,-1.26,-326.42,-170.47,-10.93
0.37,-3.19,-0.47,-159.48,-31.43,-14.47
3.6,0.01,-0.09,-262.39,-86.67,203.12
-0.53,2.73,2.52,-252.75,-330.14,-51.03
-2.2,0.24,1.2,54.26,-232.67,-96.98
-1.73,-1.36,0.11,200.68,137.27,-74.1
-1.58,-0.87,-0.05,180.05,241.09,-108.4
-1.17,-0.41,0.41,156.49,197.57,-111.27
-0.55,-0.47,0.32,186.34,207.03,-34.3
0.21,-0.89,0.44,179.32,202.03,20.51
0.15,-0.85,0.45,115.42,166.32,-19.47
-0.26,-0.9,0.59,65.86,83.92,-57.62
-0.47,-0.64,0.5,54.81,69.89,-38.15
-0.37,-0.73,0.41,64.45,90.39,-30.15
-0.19,-0.6,0.35,58.72,79.77,-15.81
-0.26,-0.56,0.44,27.53,32.96,-62.32
-0.42,-0.52,0.53,20.57,1.53,-124.57
-0.45,-0.39,0.67,34.48,6.71,-128.23
-0.5,-0.4,0.66,59.88,48.4,-115.97
-0.35,-0.47,0.52,71.04,59.75,-104.19
-0.34,-0.52,0.59,73.12,43.58,-86.12
-0.33,-0.42,0.64,82.95,34.91,-71.72
-0.25,-0.43,0.58,102.05,40.89,-71.59
-0.22,-0.64,0.39,110.05,46.94,-77.39
-0.2,-0.89,0.38,91.43,28.63,-78.06
-0.21,-0.85,0.46,62.68,-3.85,-76.6
-0.26,-0.72,0.55,56.15,-34.61,-92.04
-0.47,-0.55,0.66,59.2,-44.92,-104.68
-0.72,-0.63,0.63,82.95,-39.37,-115.17
-0.77,-0.87,0.43,105.41,-17.52,-98.75
-0.63,-1.11,0.22,100.52,-9.58,-77.15
-0.51,-0.98,0.16,73.24,-35.16,-64.51
-0.68,-0.83,0.22,55.73,-52.86,-64.82
-0.83,-0.91,0.21,53.47,-52.37,-58.11
-0.88,-1.15,0.15,46.63,-61.83,-62.01
-0.99,-1.15,0.05,33.75,-60.36,-54.75
-1.11,-1,0.12,34.36,-82.03,-88.62
-1.24,-0.94,0.06,14.47,-126.77,-45.41
-1.54,-0.72,0.13,30.64,-52.31,0.49
-1.18,-0.75,-0.03,51.33,-7.26,-59.81
-1.26,-0.65,0.05,32.96,-58.17,-96.98
-1.29,-0.71,0.13,30.21,-96.62,-60.79
-1.23,-0.62,0.06,33.2,-80.75,-33.45
-0.95,-0.77,-0.06,38.09,-64.76,-39.18
-0.86,-0.72,-0.21,27.53,-94.6,-25.45
-0.96,-0.7,-0.23,22.89,-116.7,-48.58
-1.22,-0.65,-0.25,21.97,-93.99,-32.59
-1.25,-0.71,-0.29,28.32,-80.69,-27.4
-1.14,-0.77,-0.29,33.63,-62.93,-17.52
-1,-0.81,-0.26,38.82,-51.21,-21.61
-0.84,-0.75,-0.26,44.68,-48.16,-35.52
-0.84,-0.65,-0.19,41.5,-60.55,-48.83
-1.1,-0.62,-0.15,45.59,-65.12,-61.71
-1.03,-0.64,-0.29,51.33,-55.18,-56.52
-1.33,-0.58,-0.66,50.05,-54.81,-41.69
-1.52,-0.58,-0.92,24.84,-66.1,-19.1
-1.55,-0.69,-1.03,10.68,-70.43,21.67
-1.62,-0.69,-1.18,-16.42,-57.07,35.77
-1.88,-0.71,-1.4,-35.89,-6.9,72.33
-2.25,-0.8,-1.81,-61.22,72.45,132.08
-2.26,-0.68,-1.91,-138.06,109.01,228.27
-2.11,-0.39,-1.81,-203.8,120.48,335.51
-1.5,0.06,-1.31,-268.62,140.99,367.61
-0.38,0.36,-0.35,-326.9,198.85,301.27
0.62,0.67,1.03,-324.34,189.03,214.6
1.18,1.01,1.09,-283.02,142.15,186.46
1.04,0.66,-0.04,-270.32,104.13,242.98
0.23,1.75,-2.24,-326.11,42.85,257.69
0.24,2.58,0.41,-457.21,-98.27,170.72
-0.39,2.19,-0.45,-290.34,-39.12,111.94
0.54,-2.26,-1.1,-135.31,-8.54,128.3
2.16,-1.28,-1.59,-291.75,-133.79,171.94
0.18,1.11,2.25,-406.37,-425.11,21.55
-1.36,0.15,2.27,-183.72,-329.16,-32.65
-1.52,-0.82,1.45,0.24,-48.83,-54.26
-1.85,-0.81,1.28,85.45,94.79,-118.71
-1.53,0.01,1.18,112.24,124.15,-86.3
-0.91,-0.01,0.7,184.51,178.04,-49.44
0.05,-0.61,0.39,172.97,209.29,-4.94
-0.04,-0.75,0.73,94.24,132.93,-16.6
-0.13,-0.78,0.78,62.5,79.47,-38.88
0.03,-0.74,0.74,42.24,50.35,-61.46
-0.27,-0.63,0.94,11.54,3.42,-81.12
-0.48,-0.38,1.13,13.98,-23.01,-93.69
-0.6,-0.46,1.17,43.64,-3.6,-86.98
-0.59,-0.38,1.18,77.64,22.71,-88.68
-0.49,-0.28,1.1,94.3,30.03,-79.35
-0.23,-0.22,0.99,126.34,38.15,-83.25
-0.02,-0.17,0.73,153.5,45.41,-81.12
0.07,-0.3,0.53,164.92,21,-84.41
-0.08,-0.58,0.35,152.4,4.82,-78.19
-0.24,-0.73,0.3,131.84,-7.69,-63.48
-0.36,-0.69,0.3,126.65,1.95,-68.05
-0.32,-0.47,0.27,127.93,-7.81,-73.3
-0.41,-0.5,0.24,126.22,-13.85,-82.89
-0.49,-0.66,0.08,110.66,-25.76,-83.98
-0.64,-0.98,0.06,97.66,-42.3,-87.34
-0.81,-1.05,0.08,72.51,-68.48,-84.23
-0.88,-0.92,0.15,80.38,-41.08,-83.44
-0.76,-1.14,0.3,97.78,-4.88,-79.1
-0.62,-1.32,0.16,101.38,10.13,-35.71
-0.88,-1.41,0.09,77.39,-25.45,-30.52
-1.08,-1.21,0.11,44.37,-93.99,-46.02
-1.3,-1.11,0.13,52.86,-75.38,-80.02
-1.22,-1.21,0.17,75.68,-39.79,-57.07
-1.07,-1.32,0.13,82.03,-19.59,-15.69
-1.21,-1.07,0.2,79.83,-20.08,39.98
-1,-1,0.04,83.44,-11.78,5.19
-0.87,-0.93,0.01,63.05,-59.69,-26.61
-0.94,-0.86,-0.01,47.18,-96.68,-45.47
-1.05,-0.88,0.04,36.44,-112.67,-39.61
-0.93,-0.76,-0.02,57.92,-90.82,-43.82
-0.83,-0.73,-0.17,57.86,-85.02,-52.92
-0.83,-0.69,-0.16,44.07,-104.8,-67.26
-0.91,-0.58,-0.13,42.6,-109.86,-90.52
-0.92,-0.59,-0.29,51.82,-94.73,-99.37
-0.99,-0.65,-0.45,51.57,-87.04,-79.83
-1.19,-0.83,-0.71,43.21,-66.04,-64.88
-1.32,-1.09,-0.84,37.96,-28.44,-41.5
-1.4,-1.07,-0.8,35.77,-0.85,-28.38
-1.54,-0.99,-0.94,19.47,-3.78,-8.61
-1.75,-1.23,-1.13,-14.59,-9.77,33.57
-1.81,-1.27,-1.42,-50.23,10.68,91.37
-1.86,-1.02,-1.64,-94.24,54.75,157.04
-1.75,-0.81,-1.76,-150.76,116.33,195.56
-1.78,-0.54,-1.68,-215.64,157.29,182.56
-1.5,-0.25,-1.4,-246.28,175.54,164
-0.64,0.27,-0.63,-292.54,158.75,185.36
0.54,0.85,0.5,-335.69,111.51,198.3
1,0.95,1.49,-330.32,98.63,205.75
0.02,0.76,0.18,-260.01,166.93,230.65
-1.04,1.07,-2.25,-226.75,127.32,212.22
-0.18,2.08,-1.13,-320.62,-20.63,169.8
0.64,0.84,0.01,-267.82,-9.77,151.79
2.01,-2.8,-0.53,-154.24,-2.69,242.8
2.59,-2.21,-1.16,-354.86,-299.5,80.99
-1.27,0.44,0.87,-386.54,-392.33,-38.21
-1.53,1.45,1.67,-222.9,-245.18,-21.06
-1.17,-0.02,1.59,-10.99,-88.68,-50.96
-1.43,-0.82,0.73,84.78,151.98,-78.92
-1.52,-0.45,0.87,76.17,161.07,-80.26
-0.69,-0.32,0.79,96.25,187.32,-13.98
-0.07,-0.53,0.87,98.08,180.54,43.52
0.42,-0.79,0.93,44.13,122.25,37.23
0.17,-0.86,0.93,-17.94,21.06,19.65
-0.01,-0.76,0.9,-43.27,-30.7,28.56
-0.19,-0.68,0.74,-53.89,-49.68,0.12
-0.49,-0.63,0.97,-88.75,-90.45,-7.02
-0.76,-0.43,1.26,-92.35,-84.96,-2.75
-0.63,-0.39,1.33,-47.12,-47.67,10.38
-0.53,-0.53,1.18,7.02,10.5,5.86
-0.34,-0.64,1.13,43.82,45.84,-10.13
-0.26,-0.59,1.11,71.78,73,-15.26
-0.12,-0.54,0.96,98.14,82.46,-17.21
-0.02,-0.44,0.91,103.45,66.71,-37.54
-0.02,-0.4,0.89,127.01,71.84,-81.91
0,-0.37,0.69,142.33,76.23,-103.76
0.1,-0.54,0.54,146.85,65.06,-134.28
0.02,-0.45,0.48,130.68,32.1,-138.31
-0.13,-0.21,0.43,122.56,-6.35,-149.9
-0.24,-0.13,0.32,124.51,-24.29,-160.4
-0.39,-0.26,0.17,127.08,-15.2,-165.71
-0.39,-0.56,0.1,126.83,-10.01,-155.27
-0.3,-0.76,0.31,116.7,-22.16,-127.62
-0.34,-0.61,0.52,108.22,-57.19,-103.7
-0.36,-0.53,0.62,111.45,-84.78,-98.27
-0.51,-0.47,0.66,114.2,-92.16,-104.92
-0.59,-0.53,0.52,140.08,-74.4,-111.27
-0.49,-0.72,0.23,158.45,-46.45,-85.51
-0.38,-0.91,0.2,153.93,-77.15,-90.82
-0.51,-0.84,0.31,144.65,-98.88,-90.27
-0.63,-0.66,0.23,146.42,-107.54,-67.32
-0.81,-0.66,0.05,147.58,-110.11,-57.62
-0.81,-0.68,-0.23,135.44,-123.41,-45.29
-0.95,-0.76,-0.21,119.69,-130.13,-54.38
-0.96,-0.71,-0.22,116.09,-127.62,-55.54
-0.86,-0.67,-0.28,119.2,-126.22,-59.39
-1.04,-0.63,-0.45,116.46,-125.12,-69.03
-1.28,-0.71,-0.73,101.32,-126.04,-62.87
-1.34,-0.64,-0.85,95.15,-124.63,-33.81
-1.17,-0.7,-0.99,75.2,-119.38,-15.14
-1.06,-0.78,-1.01,68.66,-110.47,-13.85
-1.24,-0.72,-1.08,50.6,-93.63,-18.8
-1.24,-0.68,-1.09,33.39,-81.05,-11.78
-1.11,-0.71,-1.08,19.17,-68.18,-1.1
-1.01,-0.81,-1.08,14.53,-57.01,6.71
-1.07,-0.85,-1.24,10.62,-51.51,5.49
-1.21,-1,-1.44,-2.93,-48.03,2.81
-1.47,-1.16,-1.59,-16.91,-21.06,35.71
-1.34,-1.22,-1.62,-28.56,-13,78.31
-1.24,-1.28,-1.58,-52.31,-2.69,83.25
-1.18,-1.13,-1.76,-76.05,34.42,66.22
-1.4,-1.06,-2.03,-130.49,87.59,58.9
-1.42,-0.61,-2.01,-201.17,131.84,76.23
-1.22,-0.31,-1.7,-289.67,143.86,87.89
-1.18,-0.29,-1.39,-379.58,163.27,105.1
-0.45,0.05,-0.49,-395.32,152.16,115.72
0.21,0.16,0.48,-407.78,106.99,117.98
-0.04,0.16,0.29,-396.79,146.97,129.46
-0.31,0.62,-1.91,-376.04,201.66,152.53
0.7,2.89,-1.73,-449.28,110.29,168.15
0.09,4,-0.06,-414.43,61.16,78.55
1.02,1.58,0.3,-279.6,77.51,-24.41
2.18,-4,-0.74,-133.12,87.52,228.58
1.54,1.7,0.06,-475.46,-332.46,343.87
-1.36,1.89,1.36,-357.12,-446.35,-131.84
-2.36,1.25,2.44,-218.02,-350.52,-76.84
-1.89,-0.03,1.1,73.79,8.36,-93.69
-1.88,0.13,0.77,159.42,163.76,-104.98
-1.23,0.03,0.43,212.34,254.52,-63.6
-0.3,-0.57,0.38,221.5,304.57,4.21
0.18,-0.85,0.71,168.15,242.19,52.31
0.27,-1.03,0.84,96.31,167.24,32.29
0.07,-0.7,0.88,29.72,77.7,28.56
-0.02,-0.79,0.69,-2.69,29.05,9.46
-0.05,-0.83,0.63,-41.08,-15.2,-11.84
-0.3,-0.73,0.76,-65.43,-45.47,-21.67
-0.66,-0.43,1.13,-92.1,-86.73,-29.36
-0.72,-0.42,1.32,-57.86,-59.69,-24.9
-0.48,-0.56,1.19,-3.23,-3.05,-11.11
-0.22,-0.62,0.89,31.56,38.09,1.59
-0.12,-0.64,1.1,44.8,37.17,-8.85
-0.15,-0.62,1.11,65.49,53.77,-11.17
-0.03,-0.52,1.32,65.43,20.63,-16.05
-0.13,-0.33,1.11,105.59,48.34,-60.49
-0.05,-0.35,1.05,135.13,43.88,-106.93
0.05,-0.36,0.89,146.06,45.1,-123.84
0.05,-0.32,0.8,165.71,50.29,-140.69
-0.02,-0.24,0.75,187.87,58.84,-140.32
-0.15,-0.09,0.7,201.6,64.27,-136.66
-0.23,0.01,0.5,210.82,63.11,-161.93
-0.09,-0.17,0.09,225.22,45.17,-183.96
-0.06,-0.63,-0.26,208.86,9.09,-197.27
-0.23,-0.92,-0.38,156.98,-37.17,-187.68
-0.61,-1,-0.24,91.31,-83.98,-156.92
-0.76,-0.89,-0.08,68.54,-97.11,-113.77
-0.88,-0.68,0.05,76.35,-93.14,-98.82
-0.88,-0.67,0.02,89.36,-84.72,-85.63
-0.82,-0.93,-0.24,70.8,-116.27,-71.11
-0.68,-0.87,-0.15,41.87,-176.21,-47.06
-0.72,-0.79,-0.21,33.81,-194.58,-42.6
-0.86,-0.78,-0.19,40.34,-177.12,-61.34
-1.02,-0.74,-0.28,39.98,-173.46,-63.6
-1.14,-0.75,-0.42,34.06,-168.27,-66.22
-1.1,-0.77,-0.34,31.86,-143.19,-68.85
-1.06,-0.77,-0.27,47.55,-101.14,-56.88
-0.92,-0.7,-0.36,52.67,-89.11,-48.71
-0.88,-0.66,-0.36,47.91,-88.13,-50.35
-0.95,-0.63,-0.35,45.1,-100.46,-21.79
-0.94,-0.55,-0.25,61.77,-77.82,-5.13
-0.89,-0.51,-0.49,79.16,-31.74,-3.85
-1.01,-0.54,-0.62,73.18,-26.98,-20.45
-0.99,-0.54,-0.7,65.43,-24.29,-43.33
-0.94,-0.56,-0.78,52.12,-18.31,-45.72
-0.99,-0.63,-0.79,32.65,-22.83,-37.84
-1.07,-0.57,-0.75,21.18,-16.66,-15.2
-1.2,-0.51,-0.81,18.37,-9.83,-10.44
-1.29,-0.55,-0.9,7.57,4.46,-8.79
-1.27,-0.67,-0.92,-9.95,-7.26,5.92
-1.39,-0.94,-1.1,-21.12,3.78,25.02
-1.64,-1.2,-1.37,-26.73,24.54,45.17
-1.85,-1.3,-1.49,-49.07,38.57,69.58
-1.77,-1.03,-1.55,-81.67,40.83,98.63
-1.88,-0.99,-1.71,-132.08,54.63,108.95
-1.78,-1.06,-1.84,-195.01,91.43,130.68
-1.68,-1.07,-1.69,-260.31,128.66,165.41
-1.25,-0.89,-1.12,-289.37,154.3,179.5
-0.58,-0.24,-0.27,-336.61,216.92,166.38
0.01,0,0.72,-338.5,201.17,115.3
0.08,-0.04,0.53,-324.04,146.06,139.16
-0.05,-0.09,-1.54,-347.47,145.2,228.58
1.14,2.87,-2.44,-445.8,35.28,243.04
0.03,4,0.58,-529.05,-81.91,33.02
-0.05,2.35,0.32,-260.38,38.39,-116.39
1.11,-4,-0.24,-124.88,160.64,135.01
3.58,-4,-1.13,-426.57,-234.68,335.57
-1.1,1.74,1.8,-427.92,-338.56,62.32
-2.46,1.68,1.93,-190.86,-292.6,-45.65
-0.9,-0.21,1.25,81.05,-36.32,-29.79
-1.86,-0.36,0.31,176.51,151,-125.61
-1.64,0.33,0.67,147.4,136.29,-107.67
-1.07,0.02,0.38,218.69,223.51,-18.19
-0.06,-0.68,0.5,230.41,266.91,66.83
0.32,-0.97,0.54,156.19,206.85,55.48
0.02,-0.89,0.68,49.68,87.77,42.6
-0.07,-0.86,0.7,7.2,40.47,42.91
-0.14,-0.83,0.67,-5.62,27.89,33.39
-0.23,-0.8,0.76,-28.38,1.95,2.14
-0.43,-0.65,0.98,-49.62,-21.3,-24.35
-0.39,-0.48,1.11,-38.02,-29.05,-28.02
-0.33,-0.49,1.13,-5.31,-15.14,-30.09
-0.18,-0.54,0.98,27.34,2.38,-33.2
-0.11,-0.55,0.91,42.48,10.8,-49.93
-0.2,-0.55,0.89,57.01,21.79,-74.77
-0.17,-0.48,0.92,63.17,14.95,-83.98
-0.18,-0.42,0.92,64.33,4.33,-75.26
-0.13,-0.37,0.86,80.87,2.56,-75.93
0.16,-0.49,0.74,95.58,-13.92,-89.84
0.21,-0.39,0.82,102.54,-42.6,-116.94
0.07,-0.32,0.77,114.01,-62.26,-137.7
-0.11,-0.45,0.65,124.33,-74.58,-150.45
-0.42,-0.55,0.62,119.2,-81.73,-149.23
-0.48,-0.41,0.6,125.92,-88.13,-136.72
-0.46,-0.27,0.47,144.96,-91.92,-123.29
-0.5,-0.5,0.26,157.47,-83.19,-119.57
-0.69,-0.72,0.14,157.71,-76.54,-110.29
-0.7,-1.01,-0.01,139.4,-75.5,-104.86
-0.62,-0.93,-0.07,116.76,-90.64,-90.09
-0.54,-0.72,0,91.61,-121.89,-82.21
-0.69,-0.53,0.03,77.64,-146.18,-82.09
-0.91,-0.69,-0.02,72.63,-149.66,-78.98
-1.08,-0.84,-0.25,74.22,-146.91,-71.11
-1.11,-0.73,-0.33,59.14,-159,-66.59
-1.13,-0.63,-0.43,54.87,-132.14,-61.95
-1.1,-0.58,-0.2,42.11,-161.19,26.61
-1.09,-0.55,-0.23,48.89,-101.07,40.04
-1.18,-0.72,-0.43,71.35,-82.89,45.72
-0.92,-0.78,-0.5,44.56,-127.32,153.99
-0.96,-0.94,-0.88,-11.96,-258.73,232.12
-0.34,-0.46,-0.09,64.64,-406.56,150.63
-0.78,-0.71,-0.52,122.25,-181.03,-40.77
-0.88,-0.4,-0.54,83.07,52.8,-98.51
-0.64,-0.48,-0.7,118.04,82.46,-89.42
-0.6,-0.59,-0.77,117.43,49.07,-48.89
-0.66,-0.68,-0.89,97.66,-1.4,-32.78
-0.75,-0.6,-0.9,84.9,37.9,-30.76
-1.05,-0.48,-1.16,52.49,40.47,-28.69
-1.08,-0.57,-1.14,33.26,-38.82,-66.16
-1.28,-0.66,-1.22,3.66,-21.24,-64.09
-1.15,-0.69,-1.13,-6.96,-21.91,-20.45
-1.06,-0.6,-1.16,-22.22,-19.65,13.06
-1.17,-0.63,-1.24,-42.79,-20.51,24.9
-1.32,-0.77,-1.4,-47.42,-0.49,33.08
-1.41,-0.92,-1.61,-56.03,50.9,52
-1.33,-0.9,-1.63,-88.07,95.58,72.51
-1.36,-0.88,-1.7,-105.71,117.25,85.57
-1.47,-0.85,-1.8,-154.17,124.39,95.83
-1.56,-0.98,-1.97,-220.83,139.28,119.26
-1.67,-1,-1.91,-296.51,150.94,144.47
-1.19,-0.61,-1.46,-381.71,161.8,175.66
-0.59,-0.03,-0.58,-440.86,188.11,198.36
0.46,0.84,0.51,-459.59,237.06,132.02
1.41,1.21,1.37,-411.56,149.66,25.76
1.19,1.24,1.2,-364.14,113.28,59.63
0.94,1.12,-1.05,-296.39,117.98,125.98
-0.15,1.77,-0.98,-393.49,42.85,104.13
-0.65,2.72,-0.78,-291.44,44.13,28.63
0.95,-3.91,-0.7,-131.59,122.92,35.28
3.01,0.33,-0.1,-285.1,-107.73,197.88
0.24,1.47,3.18,-229.8,-274.66,-108.76
-1.49,0.47,1.76,41.08,-140.32,-39.79
-1.31,-1.19,0.04,222.23,175.17,-83.86
-1.35,-0.31,0.48,136.9,122.44,-166.08
-1.3,0.14,0.67,138.37,113.28,-69.21
-0.89,-0.68,0.33,145.94,177.37,52.55
-0.08,-0.81,0.24,84.66,59.2,69.82
-0.38,-0.53,0.61,-40.34,3.91,68.24
-0.22,-0.33,0.76,-67.02,-13,65.55
-0.27,-0.4,0.99,-71.72,-35.71,19.53
-0.47,-0.18,1.2,-66.59,-50.29,-4.09
-0.54,-0.21,1.28,-33.94,-49.56,-23.93
-0.55,-0.41,1.19,29.85,0.24,-35.22
-0.5,-0.44,1.05,90.94,51.82,-53.77
-0.38,-0.23,1.01,143.19,85.08,-73.85
-0.33,-0.2,0.79,192.5,110.35,-91.98
-0.14,-0.42,0.72,204.9,91.74,-109.5
0.01,-0.65,0.77,180.79,54.93,-103.39
0.04,-0.29,0.89,162.23,9.28,-87.95
0.21,-0.13,0.74,182.8,-9.28,-106.02
0.13,-0.14,0.45,198.61,-20.87,-140.01
0.07,-0.36,0.24,189.21,-48.46,-147.16
-0.25,-0.86,0.1,166.99,-65.86,-133.97
-0.49,-0.88,0.12,129.7,-90.64,-117.25
-0.52,-0.52,0.29,111.21,-111.57,-106.2
-0.59,-0.38,0.39,122.31,-95.21,-101.62
-0.58,-0.38,0.29,145.94,-60.12,-95.52
-0.5,-0.84,0.07,184.51,-32.71,-86.73
-0.39,-1.08,-0.05,174.07,-46.39,-61.95
-0.39,-0.75,0.01,141.97,-88.26,-53.59
-0.56,-0.5,0,111.76,-123.29,-64.64
-0.81,-0.61,0,99.24,-128.36,-59.81
-1.04,-0.7,-0.15,110.84,-112.55,-42.24
-1.07,-0.86,-0.5,119.87,-95.21,-59.75
-1.1,-0.76,-0.73,109.31,-76.6,-84.53
-1.13,-0.74,-0.79,80.87,-69.95,-89.23
-1.25,-0.78,-0.71,66.35,-78.49,-13.12
-1.34,-0.77,-0.34,58.11,-70.74,8.24
-1.09,-0.76,-0.13,82.52,-46.51,-14.95
-1.14,-0.75,-0.42,103.45,-8.85,-77.15
-1.28,-0.75,-0.61,96.44,-11.6,-62.07
-1.32,-0.76,-0.87,81.48,0.79,-0.98
-1.16,-1.02,-1.09,41.08,-19.47,63.35
-1.55,-0.89,-1.52,-84.84,-170.53,58.78
-2.02,-0.88,-0.24,-68.24,-473.27,-6.65
-1.48,-0.54,-1.03,202.64,-447.27,74.1
-1.41,-0.9,-1.42,141.42,-252.14,67.75
-1.17,-1.21,-1.13,24.54,4.88,85.02
-0.79,-0.91,-1.37,70.92,-42.11,67.87
-0.94,-1.1,-1.57,49.62,-84.72,-34.97
-1.02,-1.05,-1.38,-43.7,11.66,-113.71
-0.81,-0.75,-0.93,-100.52,79.71,-142.21
-0.73,-0.57,-0.85,-91.92,66.28,-151.73
-0.94,-0.79,-1.47,-74.22,73.61,-107.91
-1.29,-1.23,-2.34,-62.38,74.89,12.94
-1.41,-1.15,-2.35,-119.75,65.73,145.45
-1.11,-0.43,-2.12,-172.91,65.73,132.32
-0.76,0.1,-1.51,-308.9,111.63,86
-0.58,0.3,-1.24,-373.17,173.46,35.16
-0.71,-0.31,-1.38,-370.42,235.05,70.98
-0.45,0.09,-0.87,-408.57,282.53,162.54
0.4,1.05,-0.66,-417.97,274.84,255.37
0.58,2.01,-0.77,-421.33,200.81,196.96
1.18,3,-0.5,-384.46,102.66,11.66
0.99,2.25,0.39,-359.31,139.83,-120.18
0.36,1.25,-0.21,-215.21,122.56,55.91
0.56,-1.87,-1.05,-182.19,38.7,231.45
0.68,-1.82,-1.43,-280.52,-126.16,194.89
-0.01,0.5,-0.67,-427.92,-290.34,27.1
-0.37,1.41,2.02,-354,-243.47,-63.17
-1.42,0.85,2.41,-88.93,-112.79,-77.27
-1.09,-0.05,1.02,138.55,151.37,-119.69
-1.62,-0.07,0.89,116.39,154.36,-160.1
-0.98,-0.04,1.07,121.28,173.52,-67.44
-0.55,-0.38,1.1,160.52,215.88,3.97
-0.3,-0.24,1.24,126.28,161.87,17.58
-0.23,-0.64,1.23,109.5,146.55,-2.01
-0.24,-0.82,1.06,83.8,117.37,7.26
-0.46,-0.59,1.08,45.72,84.35,36.8
-0.31,-0.21,1.02,7.63,42.18,9.52
-0.41,-0.34,1.14,-13.79,-16.85,-52
-0.37,-0.29,1.11,8.24,-30.4,-70.01
-0.18,-0.35,1.04,60.49,5.98,-76.42
-0.13,-0.41,0.91,80.44,32.9,-89.66
-0.15,-0.32,0.94,79.9,14.4,-96.19
-0.17,-0.22,0.94,92.77,2.62,-93.69
-0.23,-0.1,1.03,107.12,8.67,-65.61
-0.1,-0.11,0.83,144.04,19.53,-60.79
0.2,-0.49,0.48,151.55,-20.75,-46.63
0.1,-0.63,0.33,117.13,-76.42,-71.66
-0.08,-0.53,0.43,68.42,-138.24,-130.98
-0.35,-0.35,0.53,40.83,-163.33,-150.63
-0.76,-0.18,0.64,51.39,-156.31,-125.31
-1.01,-0.23,0.71,98.75,-126.16,-112.24
-1.07,-0.51,0.55,150.02,-54.93,-96.86
-0.91,-0.58,0.43,180.42,-16.6,-73.55
-0.69,-0.58,0.27,178.65,-12.63,-71.35
-0.73,-0.62,0.15,160.22,-26.73,-75.38
-0.74,-0.74,0.18,138.85,-55.48,-75.68
-0.76,-0.79,0.18,128.85,-67.2,-60.18
-0.78,-0.8,0.08,119.93,-77.03,-37.78
-0.73,-0.9,-0.01,108.52,-86.18,-33.87
-0.92,-0.79,0.04,88.81,-113.34,33.14
-1.06,-0.88,-0.03,92.1,-105.71,-10.62
-1.19,-0.83,-0.23,99.3,-97.72,-87.77
-1.26,-0.77,-0.31,96.8,-112.61,-101.99
-1.36,-0.7,-0.44,97.9,-107.91,-71.72
-1.23,-0.7,-0.53,97.78,-91.86,-46.63
-1.11,-0.68,-0.6,88.07,-81.42,-40.89
-1.1,-0.59,-0.65,66.35,-87.59,-58.23
-1.18,-0.46,-0.65,51.15,-100.95,-68.3
-1.25,-0.38,-0.67,37.48,-109.92,-62.26
-1.29,-0.36,-0.82,33.63,-101.62,-38.51
-1.25,-0.4,-0.96,25.45,-86.49,-19.78
-1.27,-0.44,-1.09,14.71,-77.15,-15.2
-1.29,-0.47,-1.08,-2.32,-74.89,-10.86
-1.32,-0.51,-1.06,-5.92,-72.88,-7.39
-1.41,-0.54,-1.21,-14.34,-63.54,5.19
-1.57,-0.62,-1.29,-28.2,-37.11,28.08
-1.55,-0.81,-1.21,-40.28,6.35,53.28
-1.33,-0.85,-0.73,-54.38,49.07,64.64
-1.21,-0.71,-0.41,-40.83,72.02,34.67
-1.15,-0.52,-0.37,-35.95,71.23,15.87
-1.19,-0.58,-0.85,-17.64,67.93,28.81
-1.19,-0.83,-1.41,-63.35,68.24,73.06
-1.31,-0.8,-1.48,-122.5,88.32,114.56
-1.41,-0.51,-1.5,-148.62,107.6,135.07
-1.51,-0.61,-1.59,-193.91,159.18,186.83
-1.35,-0.46,-1.36,-260.38,207.34,247.8
-0.37,0.23,-0.59,-333.86,226.87,270.14
0.44,0.85,0.32,-396.55,184.81,222.35
0.84,0.92,0.86,-423.16,171.51,176.33
1.05,1.3,0.7,-398.07,108.34,185.18
0.96,1.32,-0.28,-432.31,3.78,211.61
-0.65,2.6,-0.83,-400.15,-1.59,149.17
-0.64,1.98,-0.95,-216.49,-22.89,76.05
0.6,-2.65,-1.25,-182.25,27.71,121.09
2.72,-0.71,-0.57,-323.97,-111.57,231.93
0.03,1.42,2.61,-318.05,-329.9,-16.78
-1.18,0.26,2.28,-72.08,-258.3,-4.64
-0.93,-1.03,0.63,106.63,35.83,-64.39
-1.73,-0.09,0.85,84.47,54.87,-116.88
-1.07,0.17,0.99,162.72,88.93,-137.45
-0.54,-0.63,0.48,206.3,152.28,-116.76
-0.02,-0.18,0.7,148.13,99.55,-123.41
-0.12,-0.01,0.76,103.7,41.69,-160.03
-0.21,-0.04,0.79,98.69,28.5,-159.73
-0.32,0.01,0.67,89.23,14.47,-153.87
-0.66,-0.22,0.75,79.16,19.35,-156.31
-0.81,-0.39,0.85,75.13,49.93,-136.9
-0.76,-0.29,0.94,78.61,70.74,-108.28
-0.6,-0.11,0.97,91,81.97,-94.73
-0.53,-0.14,0.94,118.96,103.7,-77.15
-0.49,-0.47,0.84,130.8,105.59,-86.3
-0.53,-0.6,0.85,122.99,94.48,-96.68
-0.44,-0.68,0.76,105.96,68.42,-75.38
-0.41,-0.48,0.92,101.93,57.74,-59.02
-0.36,-0.31,0.99,112.49,34.18,-76.11
-0.41,-0.36,0.97,136.78,17.82,-90.39
-0.46,-0.52,0.82,155.76,9.4,-84.29
-0.48,-0.79,0.61,153.56,-6.71,-85.82
-0.32,-0.78,0.5,133.91,-44.49,-81.67
-0.24,-0.61,0.43,115.23,-85.45,-75.13
-0.37,-0.54,0.39,105.77,-116.64,-81.24
-0.62,-0.7,0.27,102.23,-131.35,-91
-0.69,-0.82,0.21,82.82,-139.95,-89.78
-0.89,-0.92,0.07,71.59,-142.09,-78.98
-0.96,-0.88,0.01,48.34,-153.02,-44.68
-0.98,-0.69,0.03,43.03,-146.18,-10.68
-0.95,-0.7,-0.05,36.93,-125.31,20.39
-1.04,-0.94,-0.14,26.43,-129.94,88.99
-1.26,-1.06,-0.41,2.69,-179.99,192.08
-1.19,-1,-0.37,18.43,-259.09,237.37
-1.1,-1.03,-0.5,68.24,-220.28,125.61
-1.08,-1.08,-0.51,64.09,-149.9,-22.28
-1.16,-1.06,-0.73,41.02,-71.47,-81.6
-1.33,-1.37,-0.92,38.51,-47.12,-84.17
-1.24,-1.5,-0.82,33.39,-24.35,-7.57
-1.12,-1.35,-0.5,9.22,3.6,35.34
-0.82,-1.04,-0.09,-11.96,9.34,-5.92
-0.68,-0.86,0.16,-36.56,-37.17,-149.66
-0.8,-0.76,0.26,-11.72,-87.77,-220.58
-0.84,-0.71,0.25,1.34,-103.88,-179.81
-0.67,-0.77,0.06,9.7,-107.6,-99.18
-0.68,-0.8,-0.16,16.6,-121.46,-37.54
-0.83,-0.75,-0.31,28.5,-101.75,-16.91
-1.11,-0.79,-0.54,37.11,-75.44,-8.18
-1.28,-0.84,-0.61,52.19,-13.06,6.04
-1.21,-0.75,-0.54,55.54,19.1,-2.38
-1.29,-0.73,-0.63,44.86,12.88,-15.14
-1.56,-0.9,-0.98,23.25,0.06,-1.28
-1.87,-1.05,-1.42,-12.76,0.18,43.21
-2.1,-1.02,-1.79,-68.97,24.35,103.82
-2.09,-0.96,-2.05,-140.81,61.83,183.9
-1.88,-0.81,-1.94,-207.82,86.98,261.35
-1.57,-0.58,-1.71,-287.05,155.15,291.26
-1.13,-0.15,-1.26,-325.01,202.21,287.17
-0.37,0.71,-0.44,-397.34,236.33,275.63
0.3,1.63,0.36,-400.02,214.05,134.64
1.33,2.51,-0.07,-386.96,119.75,120.3
1.26,2.52,-0.59,-361.39,133.18,140.2
-0.53,2.61,-0.55,-349.73,111.63,91.19
0.43,-0.87,-0.84,-162.41,63.05,95.09
2.92,-2.21,-1.12,-182.98,-18.25,202.94
-0.23,0.86,1.43,-399.9,-355.47,39.67
0.39,1.72,1.72,-217.04,-281.31,-13.24
-0.36,0.43,2.17,-74.28,-183.78,-35.4
-1.11,-1.04,0.82,75.38,82.28,-78.06
-2.02,-0.7,1.52,59.51,114.32,-120.85
-1.09,-0.21,1.25,115.84,143.01,-88.07
-0.75,-0.63,0.99,177.67,180.36,-22.95
-0.01,-0.52,0.98,168.52,172.91,4.03
0.03,-0.58,0.88,130.68,137.02,-60.36
0.01,-0.56,0.8,98.51,76.29,-82.15
0.1,-0.62,0.59,73.61,40.22,-107.48
0.05,-0.71,0.59,26.43,-4.58,-123.78
-0.16,-0.55,0.76,5.43,-27.16,-122.8
-0.34,-0.4,0.93,-3.23,-48.52,-116.52
-0.43,-0.38,0.97,12.94,-37.05,-112.61
-0.32,-0.31,0.91,37.17,-20.51,-117.74
-0.39,-0.45,0.83,60.24,-5.55,-114.81
-0.51,-0.62,0.82,68.18,12.45,-93.93
-0.49,-0.57,0.82,59.08,-6.9,-96.92
-0.52,-0.38,1,63.48,-21.18,-100.16
-0.43,-0.4,0.91,88.01,-20.39,-106.02
-0.41,-0.29,0.99,115.91,-15.2,-69.09
-0.64,-0.45,0.82,141.78,19.04,-90.09
-0.46,-0.73,0.53,161.19,41.93,-114.56
-0.38,-0.68,0.4,140.93,15.93,-114.5
-0.34,-0.55,0.42,117.92,-26.43,-123.17
-0.44,-0.55,0.39,112,-52.8,-128.36
-0.59,-0.65,0.32,116.76,-63.96,-122.8
-0.52,-0.68,0.15,113.22,-71.23,-118.59
-0.58,-0.59,0.02,103.21,-97.78,-119.75
-0.81,-0.5,0,87.1,-132.32,-111.02
-0.9,-0.45,0.08,68.48,-126.83,-80.75
-0.88,-0.52,-0.17,70.62,-162.66,-0.61
-1,-0.55,-0.15,81.54,-125.98,38.33
-0.88,-0.49,-0.27,98.21,-77.45,-36.56
-0.89,-0.46,-0.56,78.06,-85.75,-85.69
-1.15,-0.52,-0.55,53.96,-135.99,-102.29
-1.42,-0.47,-0.51,33.87,-141.36,-68.79
-1.58,-0.51,-0.48,35.4,-118.35,-56.15
-1.72,-0.51,-0.66,45.29,-62.26,-44.07
-1.76,-0.6,-0.62,46.14,-3.85,-26.92
-1.48,-0.7,-0.54,42.48,20.32,-11.66
-1.28,-0.82,-0.33,32.29,9.7,-4.64
-1.3,-0.78,-0.38,14.59,-23.86,3.54
-1.44,-0.67,-0.5,-3.36,-57.19,7.32
-1.52,-0.57,-0.53,-12.82,-62.01,14.04
-1.41,-0.59,-0.53,-21.18,-46.45,20.94
-1.28,-0.63,-0.52,-28.32,-30.4,23.86
-1.13,-0.59,-0.46,-34.73,-23.68,24.6
-1,-0.59,-0.42,-39.86,-10.5,19.9
-0.91,-0.62,-0.38,-44.43,-10.01,12.21
-0.84,-0.64,-0.37,-50.17,-10.19,6.41
-0.89,-0.63,-0.3,-55.85,-7.2,5.98
-1.01,-0.64,-0.35,-55.6,7.08,4.76
-1.2,-0.81,-0.35,-55.91,24.84,8.3
-1.1,-0.82,-0.34,-55.79,22.89,28.26
-1.45,-0.69,-0.52,-65.43,17.94,37.66
-1.98,-0.7,-1.05,-79.35,39.18,49.87
-2.47,-0.9,-1.57,-122.44,98.88,101.81
-2.31,-0.71,-1.7,-191.59,137.21,199.83
-1.98,-0.22,-1.34,-267.58,159.48,285.58
-1.47,0.05,-0.92,-298.77,173.03,328.37
-0.13,0.6,0.32,-322.14,173.4,334.17
1.31,1.27,1.79,-314.45,168.15,307.98
1.61,1.44,1.23,-255.74,142.4,283.02
-0.14,1.1,-1.38,-223.33,106.2,273.01
-0.29,1.73,-0.29,-355.59,-43.7,240.54
0.27,0.64,-0.39,-253.66,-30.7,181.64
3.08,-4,-1.46,-148.74,-37.23,109.62
-1.31,1.46,0.98,-466.25,-390.87,-1.16
-1.06,2.35,3.2,-209.78,-247.8,-63.54
-1.47,1.54,2.63,-67.32,-56.21,-13.31
-0.89,-0.78,0.46,149.78,67.75,4.33
-0.73,-1.32,0.37,124.76,169.68,-43.33
-1.02,-0.37,0.9,96.44,140.87,-90.15
-0.94,-0.06,1.11,118.23,118.96,-80.99
-0.58,-0.41,1.07,165.41,156.86,-27.77
0.23,-0.65,0.71,157.23,173.03,-43.03
0.1,-0.6,0.66,105.53,117.74,-51.27
0.01,-0.47,0.47,86.12,90.82,-65.43
-0.06,-0.7,0.48,70.01,74.22,-102.97
-0.13,-0.8,0.5,59.57,64.03,-127.32
-0.03,-0.82,0.58,39,55.91,-128.11
0,-0.6,0.67,12.45,26,-122.74
-0.01,-0.29,0.77,0.98,-5.98,-131.23
0.05,-0.19,0.75,17.76,-11.23,-143.8
-0.09,-0.35,0.68,28.69,-7.81,-148.25
-0.29,-0.58,0.69,22.34,-9.7,-145.08
-0.34,-0.49,0.73,19.17,-23.19,-126.83
-0.41,-0.27,0.8,25.94,-36.62,-114.56
-0.45,-0.05,0.83,47.49,-47.18,-114.2
-0.48,-0.01,0.84,64.88,-32.53,-114.81
-0.62,-0.14,0.82,104.49,-30.21,-111.51
-0.62,-0.43,0.62,136.29,-5.25,-97.78
-0.48,-0.61,0.4,146.85,-6.35,-86.36
-0.31,-0.54,0.28,138.67,-34.24,-70.86
-0.35,-0.43,0.2,130.07,-57.13,-71.78
-0.55,-0.73,0.18,117.43,-72.45,-87.1
-0.66,-0.91,0.02,104.19,-73.97,-70.8
-0.71,-0.95,-0.06,94.79,-88.87,-42.91
-0.79,-0.98,-0.12,89.6,-100.95,-20.2
-0.94,-0.92,-0.12,87.83,-124.88,-12.57
-1.05,-0.9,-0.15,82.21,-115.6,-10.99
-1.17,-1.06,-0.19,74.95,-109.62,-2.32
-1.16,-1.06,-0.2,69.64,-113.46,25.21
-1.2,-1.01,-0.39,66.83,-116.94,26.43
-1.12,-1.04,-0.44,47.91,-146.06,9.95
-1.21,-1,-0.42,31.19,-160.52,-18.68
-1.47,-0.96,-0.35,22.71,-155.4,-43.27
-1.51,-0.9,-0.27,19.23,-136.96,-32.96
-1.45,-0.92,-0.34,30.58,-104.31,-6.65
-1.22,-0.92,-0.42,30.94,-78.92,12.39
-1.13,-0.84,-0.4,25.21,-93.02,10.74
-1.12,-0.82,-0.28,20.57,-84.59,-4.88
-0.86,-0.82,-0.12,24.35,-46.69,-33.69
-0.83,-0.76,0.04,36.62,-25.7,-65.98
-0.93,-0.72,-0.07,57.01,9.28,-82.28
-1.01,-0.86,-0.45,75.44,43.88,-73.67
-1.04,-0.86,-0.74,60.3,42.42,-64.82
-1.08,-0.81,-0.78,21.79,-3.42,-67.32
-1.11,-0.76,-0.73,-14.77,-59.33,-67.2
-1.25,-0.71,-0.68,-31.37,-79.59,-58.41
-1.33,-0.71,-0.51,-49.99,-82.4,-46.33
-1.38,-0.71,-0.46,-41.99,-48.34,-20.26
-1.31,-0.75,-0.55,-37.84,-9.95,-0.92
-1.19,-0.76,-0.62,-42.85,9.16,11.54
-1.29,-0.73,-0.74,-59.88,16.66,12.02
-1.6,-0.71,-0.93,-75.87,30.94,31.01
-1.73,-0.68,-0.98,-95.4,53.34,75.32
-1.7,-0.61,-1.11,-123.66,88.01,109.68
-1.73,-0.49,-1.29,-156.62,112.67,133.79
-2.07,-0.38,-1.24,-170.35,161.99,176.82
-1.18,0.08,-1.28,-201.42,193.24,207.52
-0.19,0.27,-1.42,-263.79,210.63,207.46
0.22,0.46,-1.19,-341.74,164.86,160.64
0.81,1.51,-0.26,-391.3,158.2,208.86
1.92,2.44,1.83,-386.84,84.66,248.9
1.78,1.35,3.09,-391.36,-43.4,295.72
0.3,-0.56,0.05,-275.51,-2.99,320.25
0.05,-1.16,-2.45,-259.22,-145.81,195.43
0.21,-2.01,-2.6,-255.74,-244.02,40.16
-1.08,-0.13,-1.27,-298.52,-258.73,-15.63
0.57,1.8,2.38,-271.61,-195.31,-23.8
-1.72,2.36,3.19,-7.75,-125.67,-96.56
-0.99,-1.29,-0.24,242.61,233.58,-107.3
-1.1,-1.75,0.26,78.31,214.48,-51.94
-1.06,-0.03,1.11,34.67,94.6,-82.09
-0.83,-0.48,1.15,125.12,128.6,-89.36
-0.34,-0.57,0.79,123.72,178.22,-18.19
-0.39,-0.69,0.8,81.12,141.11,-18.86
-0.37,-0.52,0.84,67.38,104.55,-15.69
-0.18,-0.32,0.74,69.34,103.52,-25.09
0.35,-0.54,0.44,65.12,92.22,-40.71
0.24,-0.73,0.44,11.23,16.3,-73.3
-0.15,-0.56,0.85,-47.42,-81.18,-97.78
-0.42,-0.28,1.02,-60.67,-130.37,-116.09
-0.65,-0.05,1,-33.94,-118.16,-123.78
-0.7,0.04,0.93,15.63,-73,-124.76
-0.68,-0.03,0.88,60.61,-38.82,-123.41
-0.8,-0.13,0.87,90.03,29.54,-111.39
-0.79,-0.14,0.81,116.64,59.88,-85.75
-0.58,-0.21,0.72,119.75,50.35,-94.91
-0.54,-0.15,0.83,131.41,42.42,-105.1
-0.58,-0.08,0.83,162.11,69.27,-108.28
-0.66,-0.27,0.79,205.38,114.5,-92.53
-0.37,-0.58,0.51,228.33,149.66,-75.5
-0.03,-0.74,0.3,223.51,127.69,-67.5
0.06,-0.61,0.15,196.35,66.41,-95.34
0,-0.5,0.13,160.58,-25.15,-127.2
-0.35,-0.6,0.1,129.33,-90.03,-122.99
-0.52,-0.67,0.05,104.86,-112.55,-112.55
-0.69,-0.87,-0.03,99.49,-118.59,-83.07
-0.74,-0.79,-0.13,88.93,-125.73,-70.31
-0.78,-0.8,-0.04,69.7,-136.6,-57.31
-0.94,-1,-0.37,55.11,-108.95,-19.35
-0.94,-1.04,0.36,62.62,-251.34,68.18
-1.58,-0.94,-0.17,55.6,-78,-18.49
-1.42,-0.96,-0.15,89.54,-75.2,-23.01
-1.35,-1.02,-0.42,77.88,-19.35,-30.94
-1.27,-1.34,-0.54,47.55,-66.89,-48.83
-1.3,-1.37,-0.47,10.56,-116.88,-22.34
-1.53,-1.16,-0.37,-0.37,-119.93,-8.97
-1.62,-1.02,-0.34,-3.97,-104,-1.65
-1.39,-1.03,-0.38,0.61,-86.18,-9.95
-1.15,-0.97,-0.31,-4.88,-83.98,6.23
-1.07,-0.92,-0.26,-16.05,-99.18,5.43
-0.98,-0.87,-0.11,-20.45,-115.48,13.24
-0.84,-0.75,-0.05,-7.87,-97.05,10.13
-0.74,-0.69,-0.05,11.47,-80.32,-13.31
-0.67,-0.67,-0.11,20.08,-70.13,-28.75
-0.66,-0.7,-0.16,29.05,-57.98,-33.08
-0.59,-0.76,-0.26,29.42,-57.37,-35.64
-0.78,-0.7,-0.39,30.15,-53.83,-35.52
-0.88,-0.67,-0.5,33.26,-41.38,-34.36
-1.05,-0.75,-0.59,33.02,-17.15,-28.87
-0.98,-0.87,-0.64,32.47,-1.65,-15.81
-0.97,-0.84,-0.67,24.6,1.16,-7.08
-1.28,-0.91,-0.81,17.27,11.6,1.65
-1.62,-1.06,-1.07,10.13,44.37,12.21
-1.67,-1.16,-1.22,-9.34,71.72,39.31
-1.75,-1.16,-1.32,-46.51,91.43,77.82
-2.05,-1.07,-1.64,-72.63,102.54,132.81
-2.05,-0.8,-1.81,-144.47,133.73,159.48
-1.66,-0.35,-1.47,-218.44,173.89,235.05
-0.74,0.06,-0.69,-274.05,209.72,320.68
0.37,0.64,0.5,-318.48,184.63,352.11
0.99,0.86,1.31,-319.95,125.31,301.64
0.65,0.81,-0.14,-310.42,105.41,242.43
-0.47,1.9,-1.67,-308.9,86.73,187.81
-0.19,2.07,-0.41,-345.76,14.95,106.75
-0.24,1.89,-0.19,-266.72,46.57,83.8
0.53,-1,0.17,-229.98,40.04,235.78
2.51,-3.24,-0.27,-198.91,-60.42,270.87
-0.46,0.95,1.25,-371.34,-369.14,70.07
-1.34,1.9,2.56,-225.34,-349.85,-7.57
-1.15,-0.33,1.66,12.27,-116.58,-12.7
-1.5,-0.94,1.07,67.99,75.93,-45.47
-1.03,0.13,1.26,83.86,105.96,-17.94
-0.36,-0.42,0.78,166.2,186.16,0.06
0.67,-0.75,0.32,158.57,169.49,-8.85
0.46,-0.73,0.25,70.01,31.07,-34.36
0.03,-0.71,0.48,42.36,-15.32,-26.49
-0.01,-0.62,0.49,18.31,-37.54,-37.05
-0.12,-0.65,0.59,1.95,-62.68,-50.17
-0.44,-0.42,0.69,-8.18,-100.1,-79.77
-0.67,-0.37,0.78,7.63,-111.21,-117.49
-0.62,-0.23,0.78,50.54,-74.95,-137.02
-0.54,-0.13,0.7,104,-16.24,-134.89
-0.49,-0.23,0.63,136.9,24.29,-126.34
-0.55,-0.24,0.67,143.19,27.04,-101.62
-0.51,-0.19,0.69,157.17,27.22,-74.16
-0.25,-0.3,0.58,165.41,33.51,-68.73
-0.22,-0.31,0.49,170.17,26.49,-71.29
-0.17,-0.39,0.46,173.4,10.25,-91.43
-0.15,-0.54,0.35,174.01,-14.34,-109.86
-0.31,-0.57,0.25,159.91,-46.33,-114.44
-0.46,-0.53,0.16,153.63,-65.19,-116.82
-0.49,-0.49,0.08,148.93,-73.3,-116.64
-0.54,-0.52,-0.03,142.21,-86.61,-106.81
-0.82,-0.7,-0.14,132.93,-95.4,-93.93
-0.94,-0.77,-0.2,119.51,-95.03,-66.71
-1.01,-0.76,-0.33,115.05,-89.36,-49.32
-0.92,-0.64,-0.45,104.98,-71.59,-21.91
-0.87,-0.7,-0.54,84.84,-60.24,-0.12
-0.82,-0.96,-0.53,61.34,-53.16,29.05
-0.79,-1.23,-0.48,43.95,-29.6,59.51
-0.81,-1.28,-0.47,23.62,-37.05,81.67
-0.91,-1.12,-0.45,0.06,-70.74,95.64
-1.05,-1.09,-0.45,2.93,-93.44,69.7
-1.1,-1.17,-0.34,3.36,-117.92,46.33
-1.08,-1.23,-0.26,20.63,-87.83,13.98
-1.15,-1.35,-0.42,25.27,-65.12,-1.59
-1.07,-1.33,-0.42,20.87,-42.3,-27.47
-1.17,-1.31,-0.54,26.18,-29.85,-41.56
-1.17,-1.27,-0.55,30.82,-40.95,-10.62
-1.08,-1.29,-0.4,29.05,-1.4,4.58
-1.02,-1.22,-0.36,38.76,10.13,-10.19
-0.95,-1.2,-0.34,28.56,12.39,-75.68
-1.04,-1,-0.39,21.06,1.16,-91.19
-1.17,-0.96,-0.53,25.7,-12.7,-78
-1.23,-0.96,-0.6,25.57,-13.37,-39.92
-1.16,-1.08,-0.68,26.37,-13.43,-20.02
-1.08,-1,-0.6,12.08,-8.61,-2.62
-1.07,-0.79,-0.54,-4.46,-12.08,-18.55
-1.25,-0.81,-0.66,-12.94,0.67,-33.26
-1.43,-1.18,-0.84,-25.63,5.86,-11.84
-1.58,-1.19,-0.93,-46.94,-2.69,47.24
-1.71,-1.02,-1.24,-95.52,-2.2,102.05
-1.85,-1,-1.6,-154.42,14.83,157.35
-1.15,-0.81,-1.39,-209.66,98.57,213.81
-0.83,-0.64,-1.19,-247.01,202.15,213.62
-0.09,-0.28,-0.63,-255.25,245.97,199.89
0.8,0.37,0.14,-269.29,278.44,161.44
1.44,0.92,1.06,-292.18,211.49,145.26
1.56,0.95,1.44,-300.42,87.22,188.6
0.81,0.18,-0.01,-328.12,1.28,197.94
-0.87,0.82,-0.52,-337.65,-47.3,107.18
-1.12,1.44,-0.33,-222.78,-77.39,62.32
-0.35,-0.74,-0.59,-94.73,-11.54,60.55
1.97,-2.5,-0.91,-148.13,-12.88,207.76
1.24,-0.62,-0.82,-325.93,-335.94,94.79
0.12,-0.05,2.19,-285.4,-367.07,13.37
-2.04,0.32,1.85,-124.69,-316.71,-27.59
-1.29,-0.31,1.05,64.15,-80.75,-42.3
-1.23,-0.71,0.45,123.84,84.41,-69.09
-0.91,-0.51,0.35,118.9,103.76,-58.23
-0.66,-0.41,0.28,103.15,87.22,-41.02
-0.25,-0.66,0.57,99.91,76.11,-48.95
-0.07,-0.73,0.6,87.34,77.76,-73.85
-0.3,-0.72,0.71,66.77,53.77,-71.72
-0.36,-0.65,0.66,63.6,60,-46.88
-0.35,-0.6,0.51,62.62,64.76,-41.14
-0.32,-0.59,0.44,66.41,74.95,-52.86
-0.46,-0.66,0.46,56.21,66.77,-84.9
-0.43,-0.57,0.54,45.41,36.93,-107.36
-0.51,-0.45,0.68,38.57,17.33,-107.48
-0.39,-0.24,0.74,57.13,19.04,-113.89
-0.32,-0.21,0.65,84.9,23.86,-112.92
-0.44,-0.39,0.57,96.37,24.29,-113.59
-0.41,-0.46,0.48,95.28,17.52,-98.08
-0.42,-0.51,0.46,88.93,1.28,-75.5
-0.44,-0.55,0.43,84.66,-11.23,-70.25
-0.45,-0.3,0.5,92.59,-25.88,-65.67
-0.52,-0.38,0.42,110.78,-21,-87.65
-0.54,-0.56,0.29,121.03,-10.93,-98.57
-0.51,-0.72,0.13,109.31,-16.72,-95.03
-0.59,-0.72,0.06,84.66,-41.99,-92.83
-0.75,-0.59,0.09,65.43,-65.25,-78.06
-0.96,-0.69,0.25,60.3,-57.86,-56.7
-0.97,-0.88,0.4,69.7,-40.77,4.82
-0.93,-0.97,0.37,89.42,8.97,14.47
-0.71,-1.01,0.27,76.29,-2.32,9.58
-0.77,-0.88,0.27,62.81,-38.7,6.29
-0.91,-0.81,0.28,51.33,-76.72,-15.38
-1.01,-0.87,0.24,56.58,-90.15,-29.42
-1.03,-0.96,0.1,59.39,-85.63,-22.71
-0.94,-1,-0.1,52.55,-83.19,-7.75
-0.99,-1.02,-0.11,33.57,-108.03,10.74
-1.12,-1.01,-0.06,21.67,-113.53,12.63
-1.16,-1,-0.08,26.43,-94.42,-0.73
-1.16,-1.01,-0.07,31.62,-70.13,-12.82
-1.1,-0.98,-0.16,42.05,-55.6,-15.2
-0.94,-0.98,-0.29,45.9,-40.1,-19.53
-0.95,-0.95,-0.43,35.22,-52.55,-11.84
-1.23,-0.89,-0.52,20.63,-62.93,-7.02
-1.31,-0.96,-0.6,14.95,-45.1,-5.13
-1.14,-1.04,-0.61,1.89,-41.38,7.39
-1.11,-1.17,-0.7,-4.46,-24.41,-7.69
-1.35,-1.38,-0.74,-18.74,-15.44,-4.33
-1.83,-1.57,-0.62,-21.79,9.83,10.5
-1.81,-1.57,-0.62,-30.82,39.31,34.73
-1.21,-1.35,-0.63,-23.74,40.28,40.04
-1.46,-1.31,-1.11,-74.4,7.69,30.76
-2.18,-1.61,-1.66,-134.7,30.21,81.6
-2.02,-1.34,-1.74,-192.44,145.32,183.23
-1.28,-0.71,-1.09,-246.34,234.19,238.95
-0.26,0.12,0.13,-291.32,246.64,240.17
0.98,1.07,1.54,-314.15,158.63,226.87
1.77,1.56,1,-295.9,56.46,246.22
1.53,1.81,-1.34,-323.12,75.74,189.88
-0.28,1.97,-0.96,-374.51,7.57,89.97
-0.55,1.81,-0.38,-277.59,-8.48,104.06
1.13,-2.99,-1.14,-98.51,37.78,152.22
2.52,-0.5,-1.7,-275.94,-205.93,130.13
